{"file_hashes":[{"block_hashes":["Q2HmbyoRdiVX6rANKcBuQ9C/JOyJf7s8IA8upBONbVs="],"block_size":4096,"path":"about/about.css"},{"block_hashes":["76OU8B/VbDa2AEOZT8Idts0R1HEiR2yD+qigFACDijY="],"block_size":4096,"path":"about/about.html"},{"block_hashes":["cu8qW7FDsTGCgnCSYAZ+9VUYbv53NqoL6ru02Of5Qtk="],"block_size":4096,"path":"about/javascript/about.js"},{"block_hashes":["i93y3pkJHXn06g9IUQ96icY3WKyhaSkIZ7f6GNv3MSc="],"block_size":4096,"path":"background/background.html"},{"block_hashes":["CudkzFY50MzrMwdlCk3ImSo3Z+0PqiQhAfh9mg2YX/U=","pC7JWs+vjHiAKxUzmVWJ8iVRet2x/GQJ2rpyAZxkVp0=","6uOmT/qcgAFZO+XMu7szz6Wtics8YldGQCnJZJIMBRI="],"block_size":4096,"path":"background/javascript/background.js"},{"block_hashes":["KFL38eKJQ+8XMI6Kwbue/rgZM45eNmw7QRkzgffpKmQ=","fdaOVFEd9P75jeYm+DqO92rMJn9HrSllMpr/ywaj5jc=","d7Oqb1DEKgnHF7M6GiEWPuBfJIAiOLb5e6xg833AATk=","t/j0iuTARSF5qSGHVwPq6uSdvcrrV04dYKwTlBkQB9c=","0nR4IfhP/C/3Q7EN/dbLUbNCFuDJDa1Mir0leop+gg4=","IvBbyXq5NiXSP0eB6+yj3aD4HUgmv2kEnZLubz61bbI=","Ic2mI9O52Saod8oLY9hgqKLSX8Ha2dBtcH8qyFYlzs8=","eY+glWE2gthWClFKFylHs+at1oW1xf8io+hTdgoqkZ4=","q+HouSyKucI8Z9o/B64DQ12Owy2slarW2qBkzsQXSAg=","T9Em9+kWZ3CTJBoIdRhRXCVKdZAiwqe6DHUVR7Z8HUM="],"block_size":4096,"path":"common/fonts/fontawesome-webfont.eot"},{"block_hashes":["yoiM27Ju8sEKVc2+UtbLAdnuPBhq8xR58CxqHFSIrWU=","FqlHX4dKSPMBXHW0A++OfPfCeLlkU9SzHwY1k6F9Btk=","U5xKVk+FY99MMwX15l5KhMv2n+Ytyp323WBuGorO1js=","xgObsXI0q2OWKLlf1FUVyV9aURUtymj0Cm57iAhwyEo=","JTbuZBu7XPJmqfU2OvRa7A/td0r/kumm14AKgmlgkgg=","LjXBoV9q6Kijzjb2PKN19dKTk+JvJZ7bqSKa7BHh/zY=","zjMpdX6uDqE5iW6ffHGZxf9pTZK5iAZK7i++dXRXeh8=","1x2w078rb3hJLyPNOJWfhn91vFaGZ233rJC/6AEjgPQ=","p0w5UhVGvMeemb3I9kVW8WGT5KKOneqs5t3NFlHrgF8=","hgbex9IzGYygkM6QnUDL65G/FPYqdU5fTmVmiJ6uxv4=","ceB0UZaw5ggfWLQEd3KqyrUvKQgH2EBj6k+TZ9XzI+M=","8my1552XCm1qctlSfNqBRjQNC0VvpUBWOEd6MXiVpv8=","IKf0BHRTn1eM1fBKBvn7CB06IV9AGoGn8gWJBUo7cF4=","KgvKOkLUNlT9sBjdoDmerpkWQfbvnAX8HybnPRyE1Qc=","EpvbQRKdBAwv9FYsoQdSY3CPJsYePcpfOh5jpQNmpCE=","ND6Zxf6c6CwXysIOEcbyPlo7Dx4uFllP2fh1Q1HCJ2Q=","c/Fk+1v/YQJ6sC0WUzuceYy/h3ouZIsCsC1SpcrsvEE=","zYvPSYNeEmHqcbqSDIqu8CGyBCdUbOqJZt3bB9HnKoI=","rYUy2p274AxkBr6NyjyHli0vqSC8MfumNiSauwj9bhQ=","KmnIRFy7FLl6cpolU9lB6sk7XrzARV1y6vbS2Tqwbkc=","7IpPz0u6wHKKYLkl08gRAD/fPjesc5H9899TlBi4rcY=","agHFFJK+ZEPwK1DsESjKn0+nSKXhR0iiMQoq33rH2gc=","fjIrO3cLIyTkqQURNs+nL6Gkx9PYh6+TtRIja+cAoA8=","JEUSo57X/ousayCF8Q63jft3/bnSK3JoA6CB8/ML/H8=","zr3kuigvdmFRiZL0b++Dh4s55Iou5pKu4H7NKNidauY=","icU5UNUXGXTosawbEmY99OTcnxtV0J+lQBph0RUmbiw=","VamX4PrzeMXrJV8xA7e5qc5Y8WCws/xa9m6hFGj3FJk=","Hi58t8mQpmgBg4jKJqi9py7LwqXZQ4TJDOX1xaT1HWQ=","thhUr4AZ9/0ry+7U1M6PIVh12za6HuOTORJcqlxwdkc=","0Qe0UWlCJXocUTJO8zF9Ubsmv3uSunBvDj/unKkNgww=","XE/9iHpZU5JdhqHllr4jiovOHoemUIjiH75O5hx43gE=","SkiB7nwnqgBDZfwqwfrvRqe+YxnnWH6abx3U2YESBBc=","rJSrKfuOqq0bTCTVovBPnccwkUaifrqwMctdAnIK5MM=","LnGgo7w4zk6z9FkPDbj5yzSeUtbz03DxSLCtoxYZw7k=","dBJ+a2Ux7adgrL1xQu/XbXcW1MijNjr9XdvuMTbmVmE=","uhobckDfusIb3UBuFwxF9FztdlXjamGDxUR2fzi8pVU=","FDBrLcLNeA+EfN48aUpENXS6z/lUBgmLGJ1X/VKAtZU=","rJr6YebyqF8eK/bb8ck4/ZAN+1/y01sQhdvPAzkS1K8=","9ggfue8G2NMqr18S4R+xg2ZyO9hulekrbp+P6K2DudM=","MXA4GV8p+olfnMy42ja/EPDkruy8l63EZ/TSS2/gEEo=","XTVk9UTQGv7nOglqlUYVb76opuh+uLxb+eUOtjpEe+k=","SVFQN0hn3YdV3PAngHgTvT6CemHhw0lEYoWNXmU5aN8=","LGbXq2hwZxkelnezd89p0Ca50IzmmqOmQ2KDsmPwZ0o=","L0EmkyLXLzdGZFEiBzQJvgP4Nm3odPMCHEj9x5BGEJQ=","zxsVwZ5a1ifjnqP2B8FFqjdscDqz+6Y0FagkF08SO9k=","iLF+yQ3J7i/affYlMbJ10oFOqBb9rrG6lUnt6M6RMzY=","+ZQvt9ldQPYsXOtIYTLItQC975JU83jPny4b7yCYMn8=","25bDGSTeMN5Ar20rxXKO/WUE9n4KPVay2XBuXy8jhuw=","7ASF4TRpGlmOnKuUYYoBMhmLg6UiIxrqi4JvkAPqB+I="],"block_size":4096,"path":"common/fonts/fontawesome-webfont.svg"},{"block_hashes":["a/fPXQF3tbNZfuEXJC0dX1XtHVMM/GKUHStqlN9raXI=","4ot6dT9oPHQeH/rQA1LwPoJSXETU5EGAYDcFS+aDdFs=","7B8rRMK6pHxDXsYykiGiUMIODL6M8r9akw3HzXse53Q=","Cfyn5A6x2nURVCAK8nCdrlRIYADgr3wF7KspXkcvWl8=","xOaTzlCVHwp3qvzptM8Ipf77iS/kEWYaQQdMRIIS+a8=","uzzJ5+jfBjRhZef4b8UICcg1M0qQZNmSOUprrosDhqI=","033lSVTiTEQ3odzsCkTnI2YjjqxxthtFFvfnz33t+5c=","My9YOB4SO+44XBe5QBHPQVUP0C5h49cwsVILeB0EIfM=","+L16DXOLunuQgsSeGtPPObG9arXIdXJmL6VxtydjQdA=","MOQ9YVp1OndjH4rWayGW300MYmjk8V1fydFUOUvo8AQ=","S8dPOD9ejqxTXX4nX2sbRmkhSgcNhnBFvr20SbaIveA=","I3jW2ZJPpPGOlwcw0Ihbt727WczTjT47ZX+WRGwurk0=","WU/nDG6MMPJl4f3uiNCvPKoKlM4C5AuxlT41fqZ2lLo=","NqAV7INNPzkeHCqcH8Rskp3vDloSD+KK0nAEt2IBCco=","fHHwU9Zl+EXpTale4GN6wJRh9t8BTpAU7rs9719KX+w=","uHgzKKqQ6XQJSyPQJiEa6pXno+lPwsECIbxWI4dnrSs=","3uFw4eXe2FrYeMQAwtSy5YhgbHvxurSD8q5/Zr0dhtA=","mx/Av0vofl8FS/CeLBp39XrJLHwhgI3vNvorqEYAHCE=","c5TToM0ZIhEYkHB9F3PoIDGTKc8g5BzdCoranPlPq2M=","Xe4kuzIu3p7PbfWg1aQHA3a40NwLDESSuuOVTWaEHkU="],"block_size":4096,"path":"common/fonts/fontawesome-webfont.ttf"},{"block_hashes":["GCbne+5GIPsKKxW/b0dlxcJGOBR1oO/3XenB04Y+0Po=","pHUA1v4+15TN4MvZFg+jRqeai2x2f8N+RiBIPUFGCFY=","hX0oqhYKUs51SpnoLl+BS7kvsnjgMcyHkQKW4woW8LI=","zFCvjFdSahi2PB0gvTkIcpqTEazmWYMiZ8q+AnPMIFY=","O2FPxmGB1jKbqPk/vSGiIrVqLScrpcDvu0aybzKGQNw=","sPGRNvJ/qlhAWVlYc4tav4UL+LWb72LnbW2GrbydSrA=","skYxIzPrmgSLB2JKV7nip073xCWnheusTr/dmSR+6rA=","gGu+ZRM0K4+zrcuQER38LNcHyvSX7IT/tnOh15pO9bE=","t1uBcf+nh8E53W8vwZA/TLwksqRe9dWmBVh//9harNY=","TdfPk+IV4Zpvij8prGuZQAogJk8/yt0g5ava1IwWmq8=","XbYFFPzcIVUO3bWdylFYLw0xVS8GqCq0+7SCB1JV5j8="],"block_size":4096,"path":"common/fonts/fontawesome-webfont.woff"},{"block_hashes":["D9el33+/dVl/EHWxNiLjKt1oX4iqOY7GI37XOjkyfjQ=","POyQXtZJtzW5kxStYdgFtH1GjLj500unfMFOxUeTuX0="],"block_size":4096,"path":"common/images/logos/favicon.ico"},{"block_hashes":["M520LnxQKUFAcnwGtOvyfCjXttWb1d6b0MXyqGg3KmE="],"block_size":4096,"path":"common/images/logos/monochrome/128.png"},{"block_hashes":["aDW7IkVq9O9sA5fh8sCUDvv/R+PpU+VEerK51POYeTk="],"block_size":4096,"path":"common/images/logos/monochrome/16.png"},{"block_hashes":["A025PBFkjbfxn0xaU1Fooni5akfKGQRniyeOlPecg1w="],"block_size":4096,"path":"common/images/logos/monochrome/24.png"},{"block_hashes":["HV0A5/f3i9mcpwj+VUbZsJZwt7xAsuXSZhqOV5JZ3i4=","HkPBo/rN7fZbFgnV/X5HlldwKkG+QfeRUNJDwyT8wfc="],"block_size":4096,"path":"common/images/logos/monochrome/256.png"},{"block_hashes":["42Kldbv05Md0YQ5A4cr6VmethisbRxSnGOIVSB7+Vdk="],"block_size":4096,"path":"common/images/logos/monochrome/32.png"},{"block_hashes":["agQHGXCrOw5CRumPU6ljqcvY4v7PweHjrzwIyKeULRY="],"block_size":4096,"path":"common/images/logos/monochrome/48.png"},{"block_hashes":["6R7T6OPf+/hYkt+Q+vu8Kk2sVVhoeHu2VnB+TTnvVns=","A58T14O0R4ip/CiQC3YgNsCNQenzRTALuohJZ9+BjdM="],"block_size":4096,"path":"common/images/logos/monochrome/512.png"},{"block_hashes":["XgohYk6iyZ44vmEU050y7KAmC2ilvbkDFQmnhy587I4="],"block_size":4096,"path":"common/images/logos/monochrome/64.png"},{"block_hashes":["pxeNCtZhapw6Dsgpx281NyWCkXJOgwkUgtsYfpGk/7I=","YqqPGrhzZsf4x3QGZP27dEj7Kwn15f06kNRRwuM7HYU="],"block_size":4096,"path":"common/javascript/bootstrap/collapse.js"},{"block_hashes":["gRnR3PuV2rxBY7lFIzQbmPdjZ2JR4DRsuEYODXkdW14=","gdCLNYR1ZDG3a61YVbB7qOVjJ20Ww3SEM08PhsJQHHo="],"block_size":4096,"path":"common/javascript/bootstrap/dropdown.js"},{"block_hashes":["DXwhCwN5JsXdUtouxEoUXoGCKSLxKS1ip85UTViwIuU=","BBIGRwyXU/AqWSgg0SqPvy6jvTm3LHk6d9DDK/+aICg=","EZiACpmXjBIdGGnaXXWS8sFhgEA3K0atJahi0oOumQ4="],"block_size":4096,"path":"common/javascript/bootstrap/modal.js"},{"block_hashes":["Se8W8Q4BUjdM53O/seMqoFMY0RxRKcmAQnTXh3xHedc="],"block_size":4096,"path":"common/javascript/bootstrap/popover.js"},{"block_hashes":["2QxdtfGc/ipvRwsEtOoebppxuzm7wO6ynoJyuM96XFM="],"block_size":4096,"path":"common/javascript/bootstrap/tab.js"},{"block_hashes":["9PsfbQEvN8inD0pKzPKpeow0X7N4Jjg0rzqHnVwYWfE=","+1+tFQRgYMo9i6Q8+5JuZmelaCPVmziofGfnuiZSSJU=","0APmOxgC5epJOKs4MVsCXobsjQtccmsGzkHKdebeUkM=","W65txk0MHDK96hR2KrfizeNND6tUm3TZ5CCjHgWOpJ0=","Agf9gomhJpCeAWs8eEwFRh6rf9LCW0zDjTG8LBLpZxQ="],"block_size":4096,"path":"common/javascript/bootstrap/tooltip.js"},{"block_hashes":["WXiaerz/lqFhWnTEfAR7ywtomFnPOvSMJaX29xKNXCo="],"block_size":4096,"path":"common/javascript/bootstrap/transition.js"},{"block_hashes":["2RV2tfgSFxUVJpyfpsPUfPKZyiOBB6Cq+1BdGYuXZPc=","HDCgWWX1yOEjnJEpfmlPmORH9ZSY3CDnNzHlSdl+fss=","f+btwueC9z7NtoKSJY72S1TeIxryOOkO+9hkIlDMTqk=","k6IOY1/f/4qNY9oMvPS5aQ1VuTj6/CKv3ZGp4VPVEDA=","1quDLjNeaVRb2qsILA3WsLXotF+qFNefl0ioBFGWTuU=","phiSrMqFXel2hpkn1vBG8nX1S024njtxKI/deONySvY=","GNE1tvkULy5k45T1K1RHuXMELOCLslRb0JVtATx90Cg=","O9/WollUrqDRd3iL948o1/YDrb65gmIy6H+odZUeW0U=","LMN20kGoBJsNM/03kaG4+3YhorIk0U1hZBhg99pciXg=","4CA8Allspo2gPTXjhT1F7MFPBdXxPCjERwx/cOAL2UM=","TM4ge37zhYQ7ahRM+HWXTYtdhIw7WdhUAPAMPWCOl7w=","qYiwYsDlezZnMRqKAw6nlphfYi4BVcUjwTaKCbIVZIU=","HmA/bTf56R9wCPwa4ZGLhPAm9uru4PJxhXldgWJjimg=","78TSb+dQLnz5ZfOSsAZBnfWOEiqn/PosYkAJfmllxYM=","kc6FAgIZTHPrihUIwzlPOj8iNuAbMq0/mgmGLJNWtH8=","UP0Mf4kn71py6JAPHTV6VoLFIOwuw4nwKquAwcXf1dw=","I1/0bNNpi2QzO8GDT1wa0bdwURentc88eVgqsZC642E=","GNWC07LI/MpFxkFVqLr7Ae9YrfpmR2d3syu/Ebs5Mkg=","6ECDkH83Bfq+jBDLhGclTUX/ZOkZ+W/wsy4wvv39PYo=","8DKqmYAXek2SBnSe5ae5bHgZzoEznUpTmQvthW6PATI=","yOGS0XDUPnZGtcfTUE77qauOPp7rr1cZxrYNRM6SBes=","GwlQydT88inofr2XIOZ0DhXB/lK3oxBpGf+0s8A5TXs=","oI3olFQRxWf6SuFHzTW+CJp9P92AqRWa9/NXppSc6sE=","xWj9LJJbDSBTQXhALpOmeIPhLBkn0ndF0O27cjVEBSU=","KGD0y+Oeg4hbwUhzyISjx96tnRuj768DM1acjJyVjQc=","ZCejyYp4K+ZTM2Li4oxHBIMpzrE19iPInlHF9JTc+H0=","kxaLu+UzxXVnJGdBPYDofY5FuMGSLTxndofAK5hqEHc=","/x8ffe45nBv7lXHUK92e1giH5toPzt9isdE++G5xceQ=","Xv0lJqdjlt7jxoI0yPOhVTnNIzBVW6tga5WHtd+o3mE=","Jyx8jPutbO82rl4R98geLnaW1SIAWZ48cCohRhkQ+kg=","gVr9EyyKKEn0p2s0d2HRGYwhR1rR47j7NIAjESpWtYk=","dcxbEOOG9+mzkkaJMoLNZVj1MjgLqj1SEOAZHgBdErw=","PA7duPDilXVnJhINJIQZo9VVilC1Exm/kI8i/HFY1b4="],"block_size":4096,"path":"common/javascript/codemirror/codemirror.js"},{"block_hashes":["v0PKIyCRNsTWH4TWplDdfrXHDULxdONbBuAj1c81ObM=","tkvqL9Urf6AuwXMY1QOaKDHweJW08hx8eNntO+up26E=","iyd97puRVwvXo3rUwHKZ3TjkD72oTdU+OM4fHiKQXOw=","+QbeyOc+hcc/cppIo85qxBwsK5/6nuJmuERBVIbuKnE=","zVNjUYP9yL2e4w3SIoRSpRHEhkC2jDJIyikD65SMHo8=","s+F7/nPxQxFPTEtwBJUkgV/zmxH5D3KkrPBUS5O4Jps="],"block_size":4096,"path":"common/javascript/codemirror/css.js"},{"block_hashes":["DeZ2CR2m+s5g8i9IXu2JFZghA4E/rVF/DCkDiYw+vdk="],"block_size":4096,"path":"common/javascript/codemirror/htmlmixed.js"},{"block_hashes":["ZJPjZyxUAcH8TkAqewaZIyxpgYYGQovSujVC/acxh9I=","5K9ann/+6R4v/whdd8vrprYovFDb/wepif3kj9Lsvrg=","+7IfemBjRvmyjDDVCi5XqNwXZkEYFyNu+FF7dNnNxW8=","A2xPxxB9Pl/iQDLd4L1JkDg2e3Poi8fRQmU0Op1dVpA="],"block_size":4096,"path":"common/javascript/codemirror/javascript.js"},{"block_hashes":["zUiKRwUA64pIXV7xNL7fH7I0YJEmDPt8H4VE2ojLets=","R6+X9GyLVG8ihWZtPA9dk6JNbF3+1ygyX8zDPtvVQiw="],"block_size":4096,"path":"common/javascript/codemirror/searchcursor.js"},{"block_hashes":["Ar0PkIKQQtHt3+/eADCbBzMiB8SmXjxDQlnH7b3ROgw=","4vlzPYtrAETM7y9ehckN2K0/O97A7o2+BQqv8zj0WIU=","ozI6hWC3wdDBHy0Owy7jjkF1nyNUIMk2qW0UqQtRwB4="],"block_size":4096,"path":"common/javascript/codemirror/xml.js"},{"block_hashes":["YcjHO4AO8ox7/ewsLQjZC718EBq5w5G/xSt7wOt8dKc=","qIe1pVhjk1v8ltP58d+9HY/RoWXzKKxAMram8L90Rz8=","dmIfp+3VM0H6fuqK63eVRG9lnf0bpUu/KmiqwImgghY=","hX2bScXnQ7VXUUaAI2klJlk6vgomAWwQzRQNJbrkj60=","lete1jcUSIwdmcBw+wdcDAMY6VlklWiLQXAt5mfHSWI=","e8gJ9vJ+yOOJjfnR/6ODObuSiNeyC2G9kJLO2vsDPZQ="],"block_size":4096,"path":"common/javascript/common.js"},{"block_hashes":["iQ0HHP7vcf5iOyvXg1rnP7FlnhmRZ8o6ggXl8yEuWV0=","a/oi4/wGQge/dUDchScRGzgnlS3jpo2DH/rgAgi0nkI="],"block_size":4096,"path":"common/javascript/css.js"},{"block_hashes":["F1YNwwqvue37d7sPevV+PexTyA7v6/6om98EBCjosgg=","AFKDp56ZCdsqEyWmpWQB/f1x+ncdor2hs5hwEje1Qk0=","VZAgzJQhIWw7Qx1bwCyaGsvWPWf6XDdqRa1G4xo6lX0=","Gvk+cHCaTDPQanoq0EHcRddYT5rhPH7GKZ6EysEaJTM=","1UqBauDvb2hYr/TVkIVXEP4fG3Oacp7EErhc2ESx8lQ=","jzD7oW0/shPARc1XrUva4sB37RGqdLpMV6x39mBHg9M=","c0OiebP/tG+jxliPkDDGBorUtlufCd7dLIV3RFLPBrU=","lDGB/twBW41gkVAuWGJZo33jZrSwz4bKi/KsXbf+yNA=","zypGreO/WLCKkGnz37ZKExFDKJvhgg5KoVquLLLhj78=","TDa5dkIKF4ATihOz9YgWLUi/8cHCSAKWxuP3MCg3rpE=","ZRq1rdBPD9gwNtrU5xkmoJefJ7XKcnK5lK23JMMU6bE=","fSs6Cafbh2m9D+AknjC4rXs0x7NC3RA4JlsS9nkGRwc=","LSpD0/SjF5c272C4IOFtXWtaFWhwjSOFLAe9YQHvxxQ=","LAdGgQkuZPpmoscdIgCUEEHn3PJtK1YELV1RKefvWkI=","grUsIv6egOOrswrjRPFlgJV6dJyc2Y2oEOk5vi0Zimg=","HKybrABu5dWJbhdzltPv5YIBwkVsZ7itD3W7T0YGgvY=","HlsoT1gQgX88sL7YKl652jbsanOxGVwIM+3RMhSqon0=","rT13Yp8u2QkXJpBcrscy35oMb1hQmsxOCO/d+06dzm4=","R9BasVchp4ox8O3v77O4XQpgpKwx1loSFhMOOX4k9+4=","olNDIxTUt0Optc/LFusXj7YEsHJEbVCe3uRerYLuHbc=","az1WQTdq6Oa1Uyr657/fy6iKx9poaqbco+nqulmYRuo=","ATX9gz95rzfaEX9An27JrQmXdIJqyhpktePXMivB6w8=","kU+4YVKczSzb10GHoeORnofmIeOLqr9xDFk3HJHYMoM=","p9O+AKrN/VJoMgqE0/1+N7lwYNUZncL4W4BHnU0VOhY=","e9MoAHo5wqh0UP85IX8VaCFV9uu5Ri52zWCgf8n/FSE=","1vSTuv1+RXZadQfbkfr0Ri1aeqZWJAhGSZC9Va2JAoA=","ty4aujnpsy+q9Cw3z4wW0KVPLdXgJQLirUBcIXu1dq8=","RVBjDEgxmajhz8kVP+UgQUsSLs8Bppvdjj7mCZwpArA=","6jxgeZ5mHCt9HCPKn3k0dcwG4SEKqivuPwgdhSMy9WM=","XBauVn9vqbpzQPpnTonOoUEhCHLVlrAPUEn5RQnd4JI=","3Xex5P6o1ZZ2RuzS+Qv7tyg/fk4Cl3oT1wrcZbDguhs=","UIs4F9rZnOJ4Q6e8ZUWt7xcMXGTraIwlmvx0kfmXzVc=","ghDhCBaNWfT364CD9JoIDB1f4Cu4iYf4mQ1OtAWV300=","QCI2HMXFD5vLB1gb2JjctqrMjoKPY1f4AbFcr2IZsLw=","hk7NzuZHzYCGqMtYphi8HlRPtCvRlPKdpTXKNw1fUe0=","jlrsQnhng8W3feEWP8c2RN8x0MQnFCGKjccgfpMrf0c=","6eSONA5gJdsx4xHmbvQ9phIlBptSLGz7lVrSH6vRfxQ=","nSxje3Fe79o3Azq3Mjfwe97iEcjcp/g7khOU8jy/OvQ=","Zo2HXte/gMyuxbw6aaMqwLBJQ+2jdSPpnitoSWF7pZU=","PjodS/8nIZe8koG6XX5Z5EjdNaNOyBo3KKf+B5W3u00=","xzGrzOToM+FbrnDh+tuMtrT+kjbWeRbkXont2RotY6Y=","bzSP9V9XDm8HBZ86UB819tZezjmzxsRhseG2MBkadvY=","/YUkUPeIJF5rD3N/G0h/8z4Plo6UKVb9gcQQjg5XYqA=","9S1KOanlCTloE6kWqCMcwMBBl2a16yyVCN2ozRArSdM=","vUyi9TKo/j6FtYDD8sLBBnFM1LyBU3jB2lvshfzGJK8=","b7kpwD8Q651E4+W0ANPL+gZRLVHTiY7GFMVnQI9qF1g=","sIYSXuaC8ZDjhfx+CJxClXob9MgR2kSbFnt0QJ9JEyI=","7AjUYedcICCP371YEfNfqxAaDnwf8yt7Uyz5Gm0ngRk=","ef4YbcVOZImJgUabBlmoWbAkW9nAYDTkl1BLCXrF15g=","41Zc/e1pAokGpJkwMHV9sOmEEs0W6KVDys7Gtq7o0uM=","wDv2W8N/PPmyBwg5xhJROqTONTJMEM/fOqbKNzchaBs=","ZhWkprThU6jRTcBXiPDb+zcoRatL6yncuBpBtInEyPw=","HNOxv6RnsgpZASFc5HpZ2PseVLMeeh8ZsHA5Xnzx+wI=","SDNUBo71n1aFOQ6upkLJuSXtKUs5VRPcTBvu2AhPYdY=","EjiGuk5Z/VavMVVGsZrBqW0mrhXNvEH2PePMnTTRgsU=","Ory7i5R/ceb0xnWrBywvTNjImsl+B0Z8urSriBbpp+w=","H+agNndo11VQ7AQpxNN9FA3h0QUIUVahE2oYyKDz6qk=","SKZ166ya8IR+KrUaILSYd7cRDRgcr5imQtCfkXBxccw=","rto2Qr0KQEnryxkRMabneQVVZ6grk2FjQLeuTWMGfmI=","u2tMLEbP82SVw8mD1Qnf6lIYufB+U/CDFMdyH2LrA74=","dAY3MxKvqf1UKo53cIjgQ5J35QxF7fJrQrXcFsmJJ/c=","0oSVrdnurYY8LIUFJPapGmDsv6ToZeCdj6qIlUhZAic=","+7CGZsZzSwJTz0NWJ/DGQeZV91ebtGHI4k8le2EIF98=","gVuP0xaCryst2/Oxor3WZ8IcoQhigR19lriQN6uVMOo=","8miK1SoQMqjEYsRLbdUgNovUq/Ievib2Ua1mLam1pbc=","npvjLpCGnb/uXCYWO5ulESDbdvn91WCMcPbTjc4gdNs=","ptO2gDuxr+E3a/H8maAtyFlGwSt35dayFui7O8ik//0=","R9IH6EB3HYdhuDjLGtBPisErHBGROEhLXXhC6vKP9mQ=","twxVIPgZOCyFDK1rcJiGvCCdRHeWfylGAtcazhI4HJE="],"block_size":4096,"path":"common/javascript/jquery/jquery.js"},{"block_hashes":["rUFoLPyBYgU4SYCXdiZmJkt54D/ABD4sxfY7JcGLUJo=","opZmcqI+tbsj35awepM7EpVCIb3yBpZ8RSxXWBc+Ba0=","dZSKNwD2bXUGm0xru8G4YC1Y0uiJ4jyxZv3V7tZybbc=","LKxPwdpSGkxVQHUuuIBgf3OGzpeFDujwKW1FyYKFSqo="],"block_size":4096,"path":"common/javascript/jquery/tablednd.js"},{"block_hashes":["lfEbFg70vmLJt54Y2JVpEqANi5snVZD1V/djozcK2H4=","OwcQm29PSABTp04wx8nWcHV7fTrFM0af9wdpkmdTg/o=","XYSBsJ0zW8ANLozgFm/IU2DQUbXMXN+UAHVZaABB5fI=","MLEWs7wN363fUdSZC6jkKkgiXTUd7BQ0CnFVcS2Y5S4=","7wnxP5t2CMs+YqHds9PKpdx2NApWqNbTL6DES7Oi8Jg=","uj7Xgh1QeOuI82LMxqRaYaeZt8DviBy/iVHvQPq5u3g="],"block_size":4096,"path":"common/javascript/mustache.js"},{"block_hashes":["16p4DiCC3AZyTJtEkTxbas/f5FTPCEk3jIyMKTCsOig=","pEFUsepFeFDUPWjIreiPPzozdeK3xumTseVsksYDbhM=","KVJhM6zjsp/O0mQukPkHj/Or4mimo1loGM75QWqtmPE=","ocA8FEn5PnJjaMIqbyw4TVhXFs2Y2daDI8mBnoMISKY=","ciZg/yiUjBR1Hz4wodzQy1u1ezWPjqcjE8jQwVAq3gY=","tnD6+VplhaFGzwhLjPNlfxghX92t9P7iw1SkchKGOlQ=","rd+AIrvuEwcunzdrRYhywU2/MlLchIPpRS/X7bkLKC4=","X5vcFglc4okYCNzgIVIkyWTAMbKMth+0AOYM2f4mdXY=","scYUXnbiNG4w6fx2wQsQw9147jxslqzhx1GrcwyF0k4=","NFJiexA86QCJOi6IFXnwCxLZVTPo9uOW3/o7GIqkLZs=","aCon+n8RA4jLb3NQSV6ruRj13w62YOajjwUkk99V4Dg=","dTUe3A9nM4lvZqKiwto9Sba3020HApNfP5kALxNSRoI=","LDTNq0ZAnoJ7tHdXpotO0ek5rz1gQxvJke1TLAHLOEE=","Xx5gHhlpNunR0IdBfDYlMJXXXseuMoFX4pruvudvTzE=","LkDeIWOgDxjnkjEdPy8kxujmm4GKVB+wlmXbCW8JqUw=","NDVAWzXk0ULSTx4RMt5mw6kObjQko+1C04FOq942lf0=","EXB3Ig3lxglIfnSLiKRjzmwKiUbu/sCiEJmh2Dg3HH8=","a/SpwgF7BOfuT2px+Ei4JrFiRzxCSQP6MQeEj0fogJU=","iP590TSXj4m02DYrRhaakYO/66vFcki/O1AQiMAg1eI=","8bjPbTYIyswLcLE1bzdHGDOxTdJOZ/jYzUoyS5KtcmQ=","+F3UxOurY1ve2OnLYKL/OL8eB2JhYNM2WrWIVvq6NMw=","kwcfEhHGdHKMwX9vpYGIRzJcbixgcQDaPxWLW+7ubME=","11Zm0yAQXj92wTEhvR8MyRz4y1J227fqzP2ADQdbA04=","9H9eZexfb8+COYCPVGMr1Vflxf65eRZ8kYJqcH3SKQM=","Akwh4VJ1LGhGdVrvnEUhyzRgAGe+lYOjfpx2kQ0aOQg=","CAsdHSGEwCVaMbSAK73kgidQIULiRKhORgP9xdfYcCE=","MgyvhivUJlKi0GLTk12McSFZFAn6ZRde70LVAeVVZdM=","zW5fUbacw6U3J91Gu4R4bDKxDQznmQcGJkKJE45HJhM=","7xCgp09TXt930wr+hWY+1ScV/ijSPo/bn4wudXIOmBE=","MKLHKvRioE09ScugwlpQ7yIyUTFdniB2pUTIOjsznvs=","U7l65x8T62FHBPOSRMzYrrb6mxpdWkwenfB85kvWN3o=","LCwKyvICCHAP5ilhI0QILUQBppFdULLnX5rJ6lr/OLo=","3RyXwqq15j//TbYVyufPW+DQkiAG1pqaBFj6eP/8kvo=","jlp0f5x0pP2bdonkM9SPHEwlUPLHS6Ww1sCz8Cmw4kc=","JDUIK5IAfPo6s/Qm6Ruoz6dgtv0JBbbo20W+w3S1Maw=","qJzBZMmWpsa3jqgJv2+CTh9wmQQNnLFl9HBkq25ZEKY=","F9E9Bh1PMRz53uEcdXFoS6Ss+Z2MNxYP/n+n7mjgdes=","XDGDsCME7ivQKptgC/k5fzl6KECCGF788TaStm4iHBU=","4QEJyYXd8GH+mfIVegi1DeMpnpa09tiFYlGT6OnCZGM=","02+dEKl+AKe9S7Rmet2tCt9TYgUxbJTM788MHW86rso=","RT1kLJxGn6bDK8XXJhSPyM+Z3XozhOPHS0vu0fl6tZI=","0iZ8WsJO5rFIr2EEFJvEAI0lZBGCGtzYhN7QD9bvWuA=","GaK8GTn/XpJxXI+1pbaUUkyJKtrm4ogfRBf+ECo1g2o="],"block_size":4096,"path":"common/style-sheets/bootstrap.css"},{"block_hashes":["4dVJ3ZjTJYZ4rOtmfudxb3Z+ygcfBZN1ELoJqsAbbjg=","0yv7ImaLW6Ndn42xXSY8DbVJfxMoFWJ9geJEbQtyHz4=","zwMU/l8vcw88tZtapc2agfHqIAMdA036gvHpEvWLrKw=","6y/gV67jZJKqQb0hZ6SXITNsi1LpFmWN7fUYI4JP5EA=","QJx2Ohtpu0qkGqhhfYSbhyKE0PIoM6aBnAOwSDFxO5Y=","Yba9eoNlkcS11bFQyEWp3UVfnQfFWcCjMAy64XzrGxs=","lDT0c0xXNL1jOYyNd764JmlRO3a6C0TG+5Cxt5WlPDw=","VBJ27plm6KwE8ekm2nup40oW57TfRKV5dTjVLx0v0SA=","DwJ+XMMF6kn7lbkZQKba3bBAIDbPrRgxgl8lsdh7VIw=","q2VFQ9f0IvrpXq94GMkkac/GT1vtggKrvlG2ITyMD9o=","TgLxChU5k5qDEw8pZzB1o6Kh4EZuagRQSDaKzJ3a1vk=","KDVv1ETzyjbv0yEGvdUojPgzkCKY3TMoool2PdAIvwk=","O+t0v/sRdAZFKq1c8DRUwhNJPpEmFy9MBa+456fFtxg=","njwSVj/uJxWCZnKzzrHj+ajGRHKdG7XgoVLHeZ5XXH0=","J4smf5/GvzoJpDkRbeBJgUptqmw8fV9ScjvDdFfut7A=","9Hu9Ve+rJDHQM/Lxj3bN+Btyq8P4S/Jv9uT2C7eJ0ZQ=","n95+npEx1m5mmm/fnGErm9Nj5YwrDYkLOGU6QpiWeBE=","+0uzMrWACUA5jtBkAuBfmLp9tGv0Kn84xhUERntL8Pk=","s6mVHJfid5s/uhar20EMUnfXXecIqteFV7xNZzsdueA=","ocp0SpFkmdZXw5wj0Qp9lAXS3fvGzbrP2+/kxAc5hfQ=","fzXNihyjV01axOYlE9v4Hkk0rNEzlUesPVe6OOgZm6s=","9QmXr0x/yayb6EhhZl1DzsCi8/5hopBb51IrCcXFz1M=","6PujKCq62/hjniBh9AubWIr689yozgvk+xDiEnK+Q4Q=","Yx2S4e0fbXGpQ+6GdLowFBFLOh16giLGz3vDJe6G0JQ=","M4G23Uqg7I9rh5EpEirnpxdJD098LFij0LZY/tDmS2k=","Iu64ogPXqHCNkXc3TRhVtrdc1portAJFasyicpFs9CQ=","XMzm6swcd3Za9AwjRLqfTcdddDrrDfLggd0vRxm9yHI=","Zp7zyJWGLFDvkYqBSVC2RRh0OPL09yLoYMrmr14mf8c=","aw3rXbQW2P8I5iqPWvIGWAuONFSrG19XDti2JBPWDIA=","LAK/+0rDGEE9zQis9Kkr6HaC1YOMyZdTJRGK/rnmjo4=","fTM/mqowYVHqqAqHjlQx97Yt6cK6aPeHaa01WRVaN0c=","QkgmSgv7U2KEqD+ST0cx2Fyvb+sXMwURJC/M2AvCTwo=","erkR7IDycOMR1cAWOtUE5brMxcUsm3t36S2Eo88gjNQ=","kZIkpE8eeAt1RgmZTWPbBJoXQq18ylGgUGloyvOR3rw=","COCM7Rn/i5W5FMoAdL1TiPqSoLR3kAutrm4NmlzcWvI=","zv77ylgJRlL38oPFJT0vEI0nPQ7SAQ9IWTwSe8s1j9s=","CnMECTbq5Y4nyphKpIeQ7jgo1uX5GRbv6CwJyriDThc=","tf0OZdbafz6PyYB9flt+mOD244+5ehhlmiPNnXoMcCY=","3y5YRmqo5U8k7L9TUJfrW8JZuDcIM2Y3Q2ICMK/j45w=","5V28mj9Z4q/iqmUsw7wtb/6RRaYuEkM78VwaIiaZbg0=","6kH9PiMIlXwxS/oGRV4qUaRrYTMkT30W6Oq37VC8BrE=","L8qlhv5Xe0KkTQT7lAFqgCaEqUSsKc4cGoK3uiee/FQ=","dZ2sVWeqBlLj5q7jXKmi42PKCREh9nQdesqOBUQ11sI=","C6+kWGg3nwjcVNOsDDNbIjjsrE/ITb6iEz0oNIUgQpk=","52zQFcW5wC3BRdFjnD5OxiHh7YucFLP2wuvUpMC+i4U=","Upi+LpRoGQywiUx/onVFK+R8FGO5Jwvnz9ot9lKSE48=","f1zXkDptFJxkfqSO7vgPjlnCRK8TNKKQ518HjTREYXc=","DH9Yj3Jlp9C9d4Fw866DN1RVGk0ZOOYuXY9i+IULdvM=","8G2xmR8SsevZ2kUvlHlImYSayejXRzy7IX843S8vMh4=","KLfygGF5hm3chSRKs00q7+DWBwGOCgH34HaCoIV+hEk=","h7fetBb9d/1vV8/u55niLlG4iSKxjgrg6ZGfnxNEofw=","DABZTkIMPKtKETAU9OmGfWN9CNVTprdqGI9Dxi06vXM=","L4n8KMQLov0R/CICwJ8NJ7jAZgUF1JW+/vI6/JKMRBc=","HqnDj+P+7lC57SHjIf/nV3VazU/BWm0Ey8gxWr2EmRM=","HNOmLOXPyHvzDOvmwfcF80b22EDU1hXHgESaS9TlZEk=","pI5qnxKELDYMgsekrXA/cRuUMEEX1hAsUa4qTaqmy9w=","yB8TT4YwKXQ789quHSuo2q2C31nl4ZpexTRd5igIalE=","9X8MtMcMzQFnTbF1vW5TN+Y1C5QedYmOB8F/+gBVZaM=","6uSZrpzCcTX9PzJ/+SwwTycSkd5CZe70OE3CNjiiP6A=","NpO03IKODO6qlYmWCLCF418Wo01FlWHas+felFzWaqU=","AHmQAKcvKauhGV2SqgsFP4/HAc42O2vMEWK9/ygF+lw=","LzCR5GPjyNj/MDuu/+SEetFcbP1chiThmvSzhhkDZTY=","z1wnFy6OGOXd4F9MheE6izL+q9Yb0LYGwomh7cSmqpk=","0oCYukprV24pODJAryXnIJXvgHgB6+v9W8oSK0MN9N4=","PGJq4OPwv5j+6fy2rImYwCNE2rUGp57Jkyl5tu2i/JM=","lJUsYSGOpYA1JcpwRfwegFFIEnuCkKduQEXrg3qUTnY=","/dhiXpJBLJ2gmKFkdrOhhU1AqCQPJuTX2KzDpt5vyZM=","KRHPzfvvNMhK2PFjNuwG/fZ8YppnNwo8nTMl9eMTkhA=","oo69zZgu3D0IMRM+dOSmXpteLatTG1aA+QqfMSZ082w=","YRUP+BA0qJMg/GTROzps42aZk9sMJzQRqFwesx5fEa4=","NcryjIIFYp4E2QaiTbQOR3Ivm9RXQ3WeGEVjofa/brs=","D5Uykhiilfycmit1EUkU9tEP5hlHBbYN45zDiTz7iME=","Mbzib/f7WyXV3F63b22x6KtqNj1R4I/xumTndNYBasQ=","ZNsck6uMl1RMFHQbujn4FNr7AkJ4lZQlU+v2Jpuxq/Y=","+d8NT4iafmi8ycoyd0oUzPORaJhxkGA2Urm6YdUvfa0=","b1zlUDzHl28/GFwXNnfpaAgXh94tjq/1rIbS78TH2/o=","XH5hQnIS7lI6mMIik3HCzwsGiRMnZkt2ImsJ3ILoEco=","4139fLhFUsMm+R130ZWYYn57PCg1pOTbgil6OQEbU9o=","gPCCDzzO5r4TeO7dJJ+B0CzDVfzztVgd4SVSPllWwCE=","w5XNVWh35wZWQInpjFTRAy61MJVhbftYs+TX4jZFJro=","uSKJXzZHCOujrORhsCQE3WbQTaHDy5Q/dnNVLdJWo2E=","EEm5Ioe7Ip3TaGK10/Ao9YBBK+RsS0x7UrI3EsW5Tt8=","bd7BR/MAx8krAkRDq8XLaVXRbqXRjETW7sALySgiT5k=","TfBMsY7jsCuAQ5Dj6IJuhKF4VjtsZK8gYwSCL0+LAnE=","Zx+BJcSmbSG+6gQ8QUz3+qsTKeAP7nT2sb+8c5AIJjc=","HuYy+WgOX5H+TpTAjqSQhFHLdtSlU94mqvUHdy1bqNs=","wCUA8nSq8VbdTzCzYus8JJNECa0/OJVgC96zlNfcHHk=","nEMiJqmGTstYHCmptb8SLubvXx7lHtBvEk8yDpkXJQY=","Wf1AF1mdF/il9+R0Yv+Lz9Ilao7wsFNIXHppiGnGg3E=","GPJt2CPYGLiXYIAN8FFeUZwVcV3PCyjy3INb+2jHQSM=","rsr+2iYwpzVEWxKdPbCPoFU5rpaqEQNqJ7Dhmea0H7s=","pkVUTHPtIAY5BmEYu6p6Q2tDMGEyz6J5aNyiD9K8xBU=","Bqr34FGgHm4gDiMYXW/xLYrCiAGnT05Ue8PHqFchlCk=","2REflTeWdaOHm8J06RWZhm+tW+nSLErm/vI8YkTwtrQ=","bbL778b3dg6oCBYvONxWGkb0yJ4JMZ7MyLdJvj0kAkU=","Uy9xGGBv86cNVQy9YwHQXr+savpFvDQ3aYRhvwHWaRM="],"block_size":4096,"path":"common/style-sheets/bootstrap.css.map"},{"block_hashes":["L4+Oqj7995CrK3/NkBmAbwPBAQl9GDeyPIAR8jevnxE="],"block_size":4096,"path":"common/style-sheets/generated.css"},{"block_hashes":["EtFNt9VuzWX3PWXtYGzuYNqsskMwpFSMhYU82VdCJhI=","keL0DjQtrWeni+dong+GJy3rJ2M517zic0hlp0i7jxc="],"block_size":4096,"path":"common/style-sheets/syntax-highlight.css"},{"block_hashes":["YcjHO4AO8ox7/ewsLQjZC718EBq5w5G/xSt7wOt8dKc=","qIe1pVhjk1v8ltP58d+9HY/RoWXzKKxAMram8L90Rz8=","dmIfp+3VM0H6fuqK63eVRG9lnf0bpUu/KmiqwImgghY=","hX2bScXnQ7VXUUaAI2klJlk6vgomAWwQzRQNJbrkj60=","lete1jcUSIwdmcBw+wdcDAMY6VlklWiLQXAt5mfHSWI=","XQ0hfxgqiX8wCoXtNwcOLCMApxOIXqNw/MrnkD3hg+g=","vGIMmJLVN3r8ra8h89ftj8cUOrumDvwE46Ckhj3fd9k=","6Jp006acx3aUqBJfnWsbDWU5/K9Ny8H4YSrUq9Eymag=","A8BiF8srXSfQF0qVMHqEyp1+qJglawJ6WDZYQOGtxFs=","bPnZum7ZkykQIjq92mz3PN2+87YZzm6GU4rC/pjF3JM=","zGDWQfJJts1DCCS3LMPn5rk6NSmogj33nwLxMFJ1HgI=","7cfY2xdT7JYIuVyPtuxEmodJJEUspROqN40BPYXFsiw=","fRKNaLdA5IquvMla9PpnKvHAFfMGhhjVR0QmN8fuTMc=","azp3whf8rH/Ew9HgsjeiOzsXWtcnEU01a54FhhHC4wk=","xys2IJrBb6WKJ4+QxIkdJSz4VopXKak1PQBFwGfJs6w=","L6HBw8epEGr0l4fWxPx1MbKUBgshec+CB0wX2H7Xdzw="],"block_size":4096,"path":"content/content.js"},{"block_hashes":["7D993KNf2KEcRVKXqqYbGOigLLkRQn1Cd1ZPXXyjbks=","c4cIZ3kuk1i2/xHYVvfxrL3w9UbiFhJUwK1wjpN0MwE="],"block_size":4096,"path":"cookies/cookies.js"},{"block_hashes":["aDW7IkVq9O9sA5fh8sCUDvv/R+PpU+VEerK51POYeTk="],"block_size":4096,"path":"dashboard/images/logo.png"},{"block_hashes":["YcjHO4AO8ox7/ewsLQjZC718EBq5w5G/xSt7wOt8dKc=","qIe1pVhjk1v8ltP58d+9HY/RoWXzKKxAMram8L90Rz8=","dmIfp+3VM0H6fuqK63eVRG9lnf0bpUu/KmiqwImgghY=","hX2bScXnQ7VXUUaAI2klJlk6vgomAWwQzRQNJbrkj60=","lete1jcUSIwdmcBw+wdcDAMY6VlklWiLQXAt5mfHSWI=","pQeD8OkFBwJtdOU3ofe8hC2c9bHUd7iT28XE0RHwns0=","Glj3Qhqxxvm5H63xg0SykTT6aJoOxeMq6MYX2qoOl0s=","XYE60NKKjnbX9A1u9ZbFYuH+3YXEFQq5SI3+gu9mgP0=","raUD4IElTbjmYt4eyXCPkZEJEdBwdVzSqGzCR0HZ9o8=","es0c+7XTbyHEwB8ydxvviS2xJAuQJm4F1yZ8FWuAnww=","NxQnM2SsHxWhh/SHiGQhCVXNgFX8gnAcJYGFs8K6cxs=","BkWD3FT0l/lToAQlJFOXh5RvWS7L6NxVnFPU5APv1TM=","VOQTrcMRFvNDUSBjOK4eQG0mKRWG+yZBvNcP9RgkN2c=","nv8EbA8/vPaOSyOcAncIAHw0qqEmnLstgytHIBow/2M=","LI1X0joj91SsPe514SVvpKvvn9rpN+v/U9LRRNsPPyE=","Y8ojsjijZJNkaoa9iUq8mws/dj1VCpDg8YfyVFaCMQ4="],"block_size":4096,"path":"dashboard/javascript/dashboard.js"},{"block_hashes":["j/45L4S5A1RL6rvAiPV5nJfxx74v+LQsNyA+CpUg500=","EFRAFew8M05KzMuDhctsYj6VEpzRrifomK5ZAU8YYQc="],"block_size":4096,"path":"dashboard/javascript/html/dashboard.js"},{"block_hashes":["16p4DiCC3AZyTJtEkTxbas/f5FTPCEk3jIyMKTCsOig=","pEFUsepFeFDUPWjIreiPPzozdeK3xumTseVsksYDbhM=","KVJhM6zjsp/O0mQukPkHj/Or4mimo1loGM75QWqtmPE=","ocA8FEn5PnJjaMIqbyw4TVhXFs2Y2daDI8mBnoMISKY=","ciZg/yiUjBR1Hz4wodzQy1u1ezWPjqcjE8jQwVAq3gY=","tnD6+VplhaFGzwhLjPNlfxghX92t9P7iw1SkchKGOlQ=","rd+AIrvuEwcunzdrRYhywU2/MlLchIPpRS/X7bkLKC4=","X5vcFglc4okYCNzgIVIkyWTAMbKMth+0AOYM2f4mdXY=","scYUXnbiNG4w6fx2wQsQw9147jxslqzhx1GrcwyF0k4=","NFJiexA86QCJOi6IFXnwCxLZVTPo9uOW3/o7GIqkLZs=","aCon+n8RA4jLb3NQSV6ruRj13w62YOajjwUkk99V4Dg=","dTUe3A9nM4lvZqKiwto9Sba3020HApNfP5kALxNSRoI=","LDTNq0ZAnoJ7tHdXpotO0ek5rz1gQxvJke1TLAHLOEE=","Xx5gHhlpNunR0IdBfDYlMJXXXseuMoFX4pruvudvTzE=","LkDeIWOgDxjnkjEdPy8kxujmm4GKVB+wlmXbCW8JqUw=","NDVAWzXk0ULSTx4RMt5mw6kObjQko+1C04FOq942lf0=","EXB3Ig3lxglIfnSLiKRjzmwKiUbu/sCiEJmh2Dg3HH8=","a/SpwgF7BOfuT2px+Ei4JrFiRzxCSQP6MQeEj0fogJU=","iP590TSXj4m02DYrRhaakYO/66vFcki/O1AQiMAg1eI=","8bjPbTYIyswLcLE1bzdHGDOxTdJOZ/jYzUoyS5KtcmQ=","+F3UxOurY1ve2OnLYKL/OL8eB2JhYNM2WrWIVvq6NMw=","kwcfEhHGdHKMwX9vpYGIRzJcbixgcQDaPxWLW+7ubME=","11Zm0yAQXj92wTEhvR8MyRz4y1J227fqzP2ADQdbA04=","9H9eZexfb8+COYCPVGMr1Vflxf65eRZ8kYJqcH3SKQM=","Akwh4VJ1LGhGdVrvnEUhyzRgAGe+lYOjfpx2kQ0aOQg=","CAsdHSGEwCVaMbSAK73kgidQIULiRKhORgP9xdfYcCE=","MgyvhivUJlKi0GLTk12McSFZFAn6ZRde70LVAeVVZdM=","zW5fUbacw6U3J91Gu4R4bDKxDQznmQcGJkKJE45HJhM=","7xCgp09TXt930wr+hWY+1ScV/ijSPo/bn4wudXIOmBE=","MKLHKvRioE09ScugwlpQ7yIyUTFdniB2pUTIOjsznvs=","U7l65x8T62FHBPOSRMzYrrb6mxpdWkwenfB85kvWN3o=","LCwKyvICCHAP5ilhI0QILUQBppFdULLnX5rJ6lr/OLo=","3RyXwqq15j//TbYVyufPW+DQkiAG1pqaBFj6eP/8kvo=","jlp0f5x0pP2bdonkM9SPHEwlUPLHS6Ww1sCz8Cmw4kc=","JDUIK5IAfPo6s/Qm6Ruoz6dgtv0JBbbo20W+w3S1Maw=","8NYA45mZ7IgsEgZHgw59URgY1ZLqFM9BhwNkB+Q42R4=","30tkL27nTGX7C2tH6E7ARl/b8LyR2Eg0KlX/q6jBI5E="],"block_size":4096,"path":"dashboard/style-sheets/common.css"},{"block_hashes":["md9GJCmPrnoOxyptM2R9Q0+hHa3e992Ig3Ryi6rdOHE="],"block_size":4096,"path":"dashboard/style-sheets/dashboard.css"},{"block_hashes":["YcjHO4AO8ox7/ewsLQjZC718EBq5w5G/xSt7wOt8dKc=","qIe1pVhjk1v8ltP58d+9HY/RoWXzKKxAMram8L90Rz8=","dmIfp+3VM0H6fuqK63eVRG9lnf0bpUu/KmiqwImgghY=","hX2bScXnQ7VXUUaAI2klJlk6vgomAWwQzRQNJbrkj60=","lete1jcUSIwdmcBw+wdcDAMY6VlklWiLQXAt5mfHSWI=","XQ0hfxgqiX8wCoXtNwcOLCMApxOIXqNw/MrnkD3hg+g=","vGIMmJLVN3r8ra8h89ftj8cUOrumDvwE46Ckhj3fd9k=","b6XGLMKMXGTcbUdbkCJrSf/J1ZQy4LU4VH9gZmZkZuE=","vB2P1EOq1Xk5JbYiuxR+18tl3+PcXlwzguYpxiXVc6w=","TJAhrykueZqauHH/iMXdIsBNhsTS5hHvqRFDsopj3xA="],"block_size":4096,"path":"features/javascript/css.js"},{"block_hashes":["YcjHO4AO8ox7/ewsLQjZC718EBq5w5G/xSt7wOt8dKc=","qIe1pVhjk1v8ltP58d+9HY/RoWXzKKxAMram8L90Rz8=","dmIfp+3VM0H6fuqK63eVRG9lnf0bpUu/KmiqwImgghY=","hX2bScXnQ7VXUUaAI2klJlk6vgomAWwQzRQNJbrkj60=","lete1jcUSIwdmcBw+wdcDAMY6VlklWiLQXAt5mfHSWI=","HJhbVYlmWp3qTmWG4ajzTtlrX1FjjgwyJthO+pH1n4I=","E23bq1yBNHKSo6w78Xyl+v79kUjfT2ozBcpmUZaTHRo=","xqklzi4teOx1R00TwF7l9+wy2aFjbOOCQOwytzhJavw=","/R2oA+qrrmECTu8A1cPtL44N5rRha6pcyJjVGAoT6Z4=","vc2ovBEEDM4yTuDUi4LOzyBObJ0tp8nYDeeR3FieERc=","mubTcErauEk2IDssuTIvnZr/o9Zs1vQm75KV0NTSgwM=","aX/kT19CQfvpW0OlAJvn+p39lTXmRrEGnH178/0ktXk=","bS8zguHG4ixn8BRGV2g3KcVzVMIW53yl6chulhzO7WI=","6gGFvGmRCefdQgkNX29K4M9HBCpIaAhHUjMIFuUAyAw=","M3c9f5gDGhyd0VNIVo8SqszmUuK3PVlT5N1gWM/WV6M="],"block_size":4096,"path":"features/javascript/forms.js"},{"block_hashes":["YcjHO4AO8ox7/ewsLQjZC718EBq5w5G/xSt7wOt8dKc=","qIe1pVhjk1v8ltP58d+9HY/RoWXzKKxAMram8L90Rz8=","dmIfp+3VM0H6fuqK63eVRG9lnf0bpUu/KmiqwImgghY=","hX2bScXnQ7VXUUaAI2klJlk6vgomAWwQzRQNJbrkj60=","lete1jcUSIwdmcBw+wdcDAMY6VlklWiLQXAt5mfHSWI=","o7RIuyPhC+7650geiXrgOoedlYeN9XGz8XHeRXLrutM=","dDkQkFbrdpJ328yKzFnVX6qZ2TMIv0pNwTxbJwQS1Ps=","6DoQu8iai3eNaNKIlAVfuy7Sh5Mb8r8ErqKEwg7lZ5A=","P3HaF4kKlLIxtbw8mtgvsQwf2IBtkrn/dE3nZcpdVfo=","A+WF/TLkBIHPoLBhAdWLMF38b7jKP1FrkY/XpFXJGy0=","9TsF/qO7xUcHJ7QkcjYPV9bHxVbpMIsy+vNrcM4l8Ko=","gaSSnAJoRyBjDY3Lb+b+P+4BPgjiUe8TKVyLWct7yNU="],"block_size":4096,"path":"features/javascript/images.js"},{"block_hashes":["YcjHO4AO8ox7/ewsLQjZC718EBq5w5G/xSt7wOt8dKc=","qIe1pVhjk1v8ltP58d+9HY/RoWXzKKxAMram8L90Rz8=","dmIfp+3VM0H6fuqK63eVRG9lnf0bpUu/KmiqwImgghY=","hX2bScXnQ7VXUUaAI2klJlk6vgomAWwQzRQNJbrkj60=","lete1jcUSIwdmcBw+wdcDAMY6VlklWiLQXAt5mfHSWI=","U9a8wy0YJav2uzi8e9Hpm8ovqojBUnnJ6BYflY0gz3Y=","m+uHCdcFkWx8MH60+tAgUIehNWsUUufK9lMsSzf/x9I=","GIHPOIjSm9ZNWDfG2u77q0dC8SLsd82FqvQwGKDhHQs=","vuLRGFQVMI5gTPIIT8k1cBQaUqGQeFIYArAGOqp/Ssc=","F4PJiSEXdHVCXGOEhwQJ+jXfnlxRi9a37wy9QKOOZZo=","aSqDfcTq7lAInW3ytdS8WWenZCxpietqw95VTBrY9SM=","O2vcUp+hAxTEs8nXllCgCUVI9HDcGlP8z6PGdIwqwWk=","MJguFbxRBavJp6ZMSdRi4tozLQ9/g3gRIVB/9tBTSLo="],"block_size":4096,"path":"features/javascript/information.js"},{"block_hashes":["YcjHO4AO8ox7/ewsLQjZC718EBq5w5G/xSt7wOt8dKc=","qIe1pVhjk1v8ltP58d+9HY/RoWXzKKxAMram8L90Rz8=","dmIfp+3VM0H6fuqK63eVRG9lnf0bpUu/KmiqwImgghY=","hX2bScXnQ7VXUUaAI2klJlk6vgomAWwQzRQNJbrkj60=","lete1jcUSIwdmcBw+wdcDAMY6VlklWiLQXAt5mfHSWI=","/nvwCr/kgJu+AYbiOsmTh/whWSBcTpntmVyRMGg/3F8=","wDimkZK3M13p/HZoB5rZklV7zfTbat5+OKdrC1rzggQ="],"block_size":4096,"path":"features/javascript/miscellaneous.js"},{"block_hashes":["YcjHO4AO8ox7/ewsLQjZC718EBq5w5G/xSt7wOt8dKc=","qIe1pVhjk1v8ltP58d+9HY/RoWXzKKxAMram8L90Rz8=","dmIfp+3VM0H6fuqK63eVRG9lnf0bpUu/KmiqwImgghY=","hX2bScXnQ7VXUUaAI2klJlk6vgomAWwQzRQNJbrkj60=","lete1jcUSIwdmcBw+wdcDAMY6VlklWiLQXAt5mfHSWI=","VevXbMK2kvN9AgFQAVKGuZo0lcFoQJlfJGXzLozZFbI=","rKAIp82747dlUInb6HPf6+2x3852TNrqrjjJqsMCaXw=","wwOxMmiccIwC8vCGYiI4w70o6wH7lCqK8gqmyYKipNk="],"block_size":4096,"path":"features/javascript/outline.js"},{"block_hashes":["DEke73OTIEW7px9GBtf1ooqvmc92j3n/x15R3VSNTuw="],"block_size":4096,"path":"features/style-sheets/before.css"},{"block_hashes":["Px4MpORh+zdE/40UtfjCuvF03G/0AUMRybKnMiTZiSE="],"block_size":4096,"path":"features/style-sheets/css/disable-browser-default-styles.css"},{"block_hashes":["tETBZdbOuU96636GKt41NipiIB1s1LnZUUmb6M8n6bQ="],"block_size":4096,"path":"features/style-sheets/css/use-border-box-model.css"},{"block_hashes":["p2OlV/tZrsNMJlzB+eU5y60xpcYRPPnyB/yeICEtbnM=","JQ1bE/yZ8z5gFMpkfVcj8LzECfNZVEjgj4S5cZTinew="],"block_size":4096,"path":"features/style-sheets/forms/display-form-details.css"},{"block_hashes":["PyjkNESgkV9KYWg1n2ne8dmiqWrfIyO91k0XsY9ZdoU="],"block_size":4096,"path":"features/style-sheets/forms/outline-form-fields-without-labels.css"},{"block_hashes":["b3WbeBb8ifuCtrYosiRkmdVJsnnaEIIcmxzWC/Wkg0w="],"block_size":4096,"path":"features/style-sheets/images/display-image-dimensions.css"},{"block_hashes":["nFUBcTO1gdF8HpnA6uSL3uamY4wsEO2+wCJSYzwNwE8="],"block_size":4096,"path":"features/style-sheets/images/hide-background-images.css"},{"block_hashes":["62t9PmJV6GK7P6W5uTN1fynk6LKKf30hgc77elzvvwc="],"block_size":4096,"path":"features/style-sheets/images/hide-images.css"},{"block_hashes":["/aCkMqrbvvm/D+3n1U1ffy3iuEjDUiEWd21jB+QHk/o="],"block_size":4096,"path":"features/style-sheets/images/make-images-invisible.css"},{"block_hashes":["KPQuqQKE40WNpbd2Xjt1qDVQMMeovetMFdXJMHFHuv0="],"block_size":4096,"path":"features/style-sheets/images/outline-all-images.css"},{"block_hashes":["gCyLG+KbUPBRL7aBMUx3q6Vs4eiF92RsQR2ZfA7JwcY="],"block_size":4096,"path":"features/style-sheets/images/outline-background-images.css"},{"block_hashes":["YO8FXK1/H+OzH91288l+b9yLGfUA8lQ43tg11KJkWPg="],"block_size":4096,"path":"features/style-sheets/images/outline-images-with-adjusted-dimensions.css"},{"block_hashes":["D6xLBvCN1Sq3HO5wCQsbiu7SYQQbOz1py/Gwtb3DOwA="],"block_size":4096,"path":"features/style-sheets/images/outline-images-with-empty-alt-attributes.css"},{"block_hashes":["vdUvnM5FOmls2DK+mw17X801UwuN8sJmyM0s2g5V/1w="],"block_size":4096,"path":"features/style-sheets/images/outline-images-with-oversized-dimensions.css"},{"block_hashes":["RCk8BwBGeG/f+uZ9WPX0LylyICOxxoCaihupo9Tu3a0="],"block_size":4096,"path":"features/style-sheets/images/outline-images-without-alt-attributes.css"},{"block_hashes":["Qb5qIPEcW5vNpcb6p3t8E5rDksh+o6wAFDxhS2n2C38="],"block_size":4096,"path":"features/style-sheets/images/outline-images-without-dimensions.css"},{"block_hashes":["BGT0W0laWqyNDm7dTMAA/vTT+QGHuhp7f685z0CHCF8="],"block_size":4096,"path":"features/style-sheets/images/transparent.png"},{"block_hashes":["rde4FyXUGQUny0qQuKCswZyULkgBpQr/GHk2fY6IUXI="],"block_size":4096,"path":"features/style-sheets/information/display-abbreviations.css"},{"block_hashes":["3jwu1HMnDlpF/oB6gqVkIfjhCNdrRK7zQVVKpgRB9dY="],"block_size":4096,"path":"features/style-sheets/information/display-aria-roles.css"},{"block_hashes":["0SOX0l6vnHir2Do5W7KFfTSSU7pISP8lcSlVss7woYA="],"block_size":4096,"path":"features/style-sheets/information/display-div-dimensions.css"},{"block_hashes":["0SOX0l6vnHir2Do5W7KFfTSSU7pISP8lcSlVss7woYA="],"block_size":4096,"path":"features/style-sheets/information/display-div-order.css"},{"block_hashes":["zMvgZPFTmLXseKLeb9HAevXp9KHd26VCMA/FE2xcjho="],"block_size":4096,"path":"features/style-sheets/information/display-link-details.css"},{"block_hashes":["U5bWCPj0siMga0cjWTB5j3Ui68gweXgH/fSREpFw25w="],"block_size":4096,"path":"features/style-sheets/information/display-object-information.css"},{"block_hashes":["w3MyMo2OuXJxqA0tSqh3ZEWPEuWI/4kkjDFk5RCKHYw="],"block_size":4096,"path":"features/style-sheets/information/display-table-information.css"},{"block_hashes":["1waSRzHVGTaByssUCH2YjEltc9OLYUCbkCj5rCL4XwM="],"block_size":4096,"path":"features/style-sheets/information/display-topographic-information.css"},{"block_hashes":["ART9o9bTJFxogu2lYlRnJlzoDB9jaBQlhVw1k22p0GI="],"block_size":4096,"path":"features/style-sheets/miscellaneous/linearize-page.css"},{"block_hashes":["rhDw3oow5TEkndMMUy8MiZ+qg6kWpV3FBmgxD6pEK6E="],"block_size":4096,"path":"features/style-sheets/outline/outline-block-level-elements-before.css"},{"block_hashes":["2qul6Nq/2+8/DVA1dXPZoODZLVvPjx1wwgZATyvAzws="],"block_size":4096,"path":"features/style-sheets/outline/outline-block-level-elements.css"},{"block_hashes":["IBkzgQazhbl3q6lGGKHaWNj68mWTA/gCKY93lCgzk08="],"block_size":4096,"path":"features/style-sheets/outline/outline-deprecated-elements-before.css"},{"block_hashes":["0cYl02/bhmtQmbl+Syq0dQyE6gcT38p0cDqhNc3zhZA="],"block_size":4096,"path":"features/style-sheets/outline/outline-deprecated-elements.css"},{"block_hashes":["UA8iC+Ukyt1pn7luW7cXpquH/pGPL+wsYwFIVKKTpOo="],"block_size":4096,"path":"features/style-sheets/outline/outline-floated-elements.css"},{"block_hashes":["ir0RBYzUK5DrO1USMgXAzZJoxsfR8qlLLQSS3Tuw8o4="],"block_size":4096,"path":"features/style-sheets/outline/outline-frames.css"},{"block_hashes":["hgGHObDJqUQqrcyTT2wII7jwOTNsVn1M5K2+WI4fwlk="],"block_size":4096,"path":"features/style-sheets/outline/outline-headings-before.css"},{"block_hashes":["jl0AYE6NJlT3B5Wp1hp4uCQpWJKQ/zi6dwPsdehSlgg="],"block_size":4096,"path":"features/style-sheets/outline/outline-headings.css"},{"block_hashes":["QQ17Sf5SYQ3AvR1LtD/HkmryihlrTdU1dLQIvJGqLI0="],"block_size":4096,"path":"features/style-sheets/outline/outline-non-secure-elements.css"},{"block_hashes":["EvHxBygQVwo+UR16zDSDRiEs6mFh/4Nb8sLmpu36b+Y="],"block_size":4096,"path":"features/style-sheets/outline/outline-positioned-elements.css"},{"block_hashes":["q/c5NzcE3Per3gtIXqj64lSVmA2NwmlWhe5Cl5oIZo8="],"block_size":4096,"path":"features/style-sheets/outline/outline-table-captions.css"},{"block_hashes":["vMV8TmWGvRRZI28xu6qDzTPu0u03Kkct/+/QWsNN900="],"block_size":4096,"path":"features/style-sheets/outline/outline-table-cells-before.css"},{"block_hashes":["O0ZyYtnROR0smkEyxuAVXYMvLfrYHIQfuKieJToVHq8="],"block_size":4096,"path":"features/style-sheets/outline/outline-table-cells.css"},{"block_hashes":["sUB7BwwHuAtj4v2eNTGZ9ScbL7NR+I2fk6J/iF6RdYI="],"block_size":4096,"path":"features/style-sheets/outline/outline-tables.css"},{"block_hashes":["83x3+lLzKKLXr7lQCxHnm5n8izKTCp2/S908R/hAJOQ="],"block_size":4096,"path":"generated/find-broken-images.html"},{"block_hashes":["DfdhRb0stfmPB1hKhpNxZXMiML5YZJi9Af+j0bRF0+U="],"block_size":4096,"path":"generated/find-duplicate-ids.html"},{"block_hashes":["aSz64x27WmyasvKesUBa9LBAW3bGrJF6cJE8VYix7h4=","CuGF7NzJfBWj0ALADb381AYoY3Z2hg0ROcUW2GQarAQ=","sFUSUnRBSD+p2kImInbCoVSvasNpbLqSidCMwwoNjBA=","5r7U32x9d4AneIS8cJv0B3bxSKmgQz6jc1KBDmsJAaA=","m7hFtKaWNHMh8tUyhoGuIpROF1d+A2CqnbM9/Syu0ys=","tW4m0tX7oLiR267HBBhDanMmp1mIQNaPeceFkRA5Q+w=","4ymgXJT/2D20Pqhj5TM/78vHZq+YhFcnIMdKj1CrYtk=","zk805OuOXx2v6IYx6MhsqZulbbObgXCqyTy6GGebqQk=","kz0rDqJtXoKiNQ4vPzr1HYgJcj1HvlXLvM8GJTRsYNM=","m3qm1w3Sj54DtFxGgEmkN5EQoq5bhoFXpVRM8J/i5Kw=","MfThWm/TJyf/6g7UD8/5XqDnzQEIvu3Pg73a2G8ennY=","jSBi5uch6bfA3FF+vPPKyrQPMPcnIb+UtimLKY64t7I="],"block_size":4096,"path":"generated/javascript/beautify/beautify.js"},{"block_hashes":["ogyVKsvknYPF2JJoCNylzAH46NValN69l3hHal8kVHM=","clb0npRSSccYLQH6gY04oowZHu0mdgNOe1WK3rNiJEo=","Eez2JwH4sErOMSmMNc8c3Gn8/bcLo79WXwBpAfn897Y="],"block_size":4096,"path":"generated/javascript/common.js"},{"block_hashes":["TlOC+lLQyU3pqKE1Sk00CvMd8hD1sfNa6fRMdhQDAtk="],"block_size":4096,"path":"generated/javascript/find-broken-images.js"},{"block_hashes":["JtjrduXu68QZpzwfeD5Ok1NZJA/9x4/AMZWd2fM3kSs="],"block_size":4096,"path":"generated/javascript/find-duplicate-ids.js"},{"block_hashes":["M4MtpeT1jktVLGDVAvCQUp9RI8vLDMjZFcNHRNMDqzQ="],"block_size":4096,"path":"generated/javascript/view-anchor-information.js"},{"block_hashes":["nQcSU8smL7lmO/tAHppsDA+kzZPjVMDUzl5smXfo3Hs="],"block_size":4096,"path":"generated/javascript/view-color-information.js"},{"block_hashes":["se76cw0o4zv0LTwLqHAyCXLiMb4VQJJRRlk11wG8NNg=","Bfg7PG65i7uu4ffXcuZpcmzQDNmdSTBGWRdhZX/684Q=","obJ8hcemz2/hLNjPvVxB7+mwF2MjGrmuL40uF4D/H3g=","JsT0sTQDRzacnkyMoAUvJtoyDQXVH67uftWSWPKPYrM=","e//gYnpBVDxx4dJHKcZGiwQoK8TWsWCK/q32M/ytm4g="],"block_size":4096,"path":"generated/javascript/view-cookie-information.js"},{"block_hashes":["nW+RXRto4fxhEKv74MQCrE5IA8Dn1VXG3eBZ/7+vGyc="],"block_size":4096,"path":"generated/javascript/view-css.js"},{"block_hashes":["usxTGY2UPVpR5E40bvpEYCMMLzsxBi7IjgdIPpccZPw="],"block_size":4096,"path":"generated/javascript/view-document-outline.js"},{"block_hashes":["CYasN28gLlJ5I0UmuSDGoXbS4eH+TWwezj/BNHWyqmk=","c6zN+8M/7KuGKLOhKO7ON9Hpy8qILgVoYCS4RvYaWrs="],"block_size":4096,"path":"generated/javascript/view-form-information.js"},{"block_hashes":["tGaQFd0OszMcdMSiYBv1TIPMoPHzS5i0cwOKKzDUH9w=","etlKu33WPWs9mXr1LuwOSSmInKTwlsucDt4DJkrhsCE="],"block_size":4096,"path":"generated/javascript/view-image-information.js"},{"block_hashes":["YtcsgYV/fIalCtkcFHKy1sPOl5knDFT7imJuL9vKoU8=","fKBpfIfLm0urRg1WjovIldpDR6jubSr1Zb6KC/JX0eI="],"block_size":4096,"path":"generated/javascript/view-javascript.js"},{"block_hashes":["5UsqKU2l4S+FshDxgMjrA2f0zgd4KQIHaGDeWhDnL1Q="],"block_size":4096,"path":"generated/javascript/view-link-information.js"},{"block_hashes":["iRf12Rkm91MxBLKwmxebcN79oU43GW8MoUEFCP7/TA8="],"block_size":4096,"path":"generated/javascript/view-meta-tag-information.js"},{"block_hashes":["ZukNDj7Js4W5P4AgDd2UL67xJ2kVSzOHQ27Z6lvgvNs="],"block_size":4096,"path":"generated/javascript/view-response-headers.js"},{"block_hashes":["AMvoq4M7WFoGYo9/fwNh1cMO/h7X2sKFlLHRmuf6kMM="],"block_size":4096,"path":"generated/javascript/view-responsive-layouts.js"},{"block_hashes":["Qj72DSW+PJCiGbacjx1kqtRXeBqssgvT2qmUAaXMVyE="],"block_size":4096,"path":"generated/view-anchor-information.html"},{"block_hashes":["1yO6Vc32fydBXjIYs0n80bVC5u86D+fuyCuQjd92CL0="],"block_size":4096,"path":"generated/view-color-information.css"},{"block_hashes":["86XlVMC/Badg/tx3wijVxdp9agrKyQXqFvyaQIlTrvw="],"block_size":4096,"path":"generated/view-color-information.html"},{"block_hashes":["Go0v2kfky5fdGpzQTG1hO0EufeXAYKyhb37j94hR2Kk="],"block_size":4096,"path":"generated/view-cookie-information.css"},{"block_hashes":["G4rCNouqqbEefXFEuE4P/jDK1xjFjDnpUyyBKM4r4CY=","jMYuOq4U7PD4ix9eCe51Y2u3aawFqqeThL1THeFkYsE="],"block_size":4096,"path":"generated/view-cookie-information.html"},{"block_hashes":["s5NVNvDd9AwWV4rLBjBCqJUff/J/FKCWow8rnoCLpLo="],"block_size":4096,"path":"generated/view-css.html"},{"block_hashes":["1Q2i617oZiubbCymU/K7S/LWxiTszHm711BwfIbmnoQ="],"block_size":4096,"path":"generated/view-document-outline.css"},{"block_hashes":["yXtxq/yDa/TJEf6ODTlImOrkp7RpNJPTyXYIV4VyioY="],"block_size":4096,"path":"generated/view-document-outline.html"},{"block_hashes":["AyB2VsdjBriZWMJ2nZAR2UrBVd0bgSgy3zp75k0EUCQ="],"block_size":4096,"path":"generated/view-form-information.css"},{"block_hashes":["MWfcbcNHg703OqMqfOqoclSiJrLUERu+4387Npv1TpA="],"block_size":4096,"path":"generated/view-form-information.html"},{"block_hashes":["aeSLAwtdmDp+/KOoJpyNuk/nUOZJTcde35I3KdwGs3w="],"block_size":4096,"path":"generated/view-image-information.css"},{"block_hashes":["sTJHOj+IHCnnKyc/TJPwUpqmJjflX70tBuAmIm9QVQU="],"block_size":4096,"path":"generated/view-image-information.html"},{"block_hashes":["mjvy29Q1sogqIUa3i+SPaX4sytEyuk5S3M4gjJa1lqw="],"block_size":4096,"path":"generated/view-javascript.css"},{"block_hashes":["IiQPYs0qYRJpoC4h9OKBvWaeWm498x0+ubSmweU3uR0="],"block_size":4096,"path":"generated/view-javascript.html"},{"block_hashes":["cdGK/V3EmE6mYLqFXKSE3ViqyYm2Ge1sq5IHIgtsJJw="],"block_size":4096,"path":"generated/view-link-information.html"},{"block_hashes":["Liomgw5TChxYaVR0t6ZbKWXMmPjouFuGKRw8aR8OvD8="],"block_size":4096,"path":"generated/view-meta-tag-information.html"},{"block_hashes":["xgzfiEu66yaQjb+1urLs2zePTp5dEi90WZLEft5Ru6o="],"block_size":4096,"path":"generated/view-response-headers.html"},{"block_hashes":["sTeia/dupEmMV8Q2w01JQgMHjgAoWn3TwC/+CChOTmY="],"block_size":4096,"path":"generated/view-responsive-layouts.css"},{"block_hashes":["iEXr/cswvZ9QLrGTUR/fEADhch3dDWTJi2rMcfw7VhQ="],"block_size":4096,"path":"generated/view-responsive-layouts.html"},{"block_hashes":["mX/PHeADXcc7Ur4sYtYzY/qc1orwj8BQQUMBQ1ICHNk=","i8H8JxgLymKgObk0cTd5mJCfPZ2D4g4msU2iyJ4PGk4=","EnQ9pJRxwfEj0jmuZcFS/fq+a5aWhkAjP/DT6DKwOAo=","7a8B3Bjc++KPyDETvq5ChjtlgeWKzPlu/DZqm5v0NA4=","xQWOB9wGmotm4M5j99T3A+7AAfZ1tQ+Yy+7AJRod7YQ=","iHqJGPvFUBPK3pK85V9isrKlgv4OX9Mey2Rx0TUwy5o=","rLRsJHxLNjLYJYPhiUtbCepn7daC+edoAHesyk6HqCY=","3TsLXlJhBmgAad8JNq5dK5K4ky4/NK22iagcC7RRR7U=","9NhWioYtHib9wAp9kioKuhE946czUFc5q9ugOygJxYw="],"block_size":4096,"path":"license.txt"},{"block_hashes":["JQChgrArLb+LB4EFE8syPrpFZfbr8cTbWXdZP7Ab4gU="],"block_size":4096,"path":"locales/locales.js"},{"block_hashes":["f4F8jnKTWH9LXHSL9wQ7cVgPGsCceep8kP1PJRWJpeU=","XdVrErr/qclbdZqDDKX4lsuujvWWNfIlQ/Z2M48yC48=","LwkpkPpv6OBMUr8KzfUcY6uzQ04lsRTNJl8W7Q+UQdw="],"block_size":4096,"path":"options/images/options-2x.png"},{"block_hashes":["Od7TRdc7CcO19z4RWJ2xH+h4j6RcrmBwPqxa68SzXr8="],"block_size":4096,"path":"options/images/options.png"},{"block_hashes":["GdzqGPv597DpVwV14m5jWLTA+2dF9jc2deECUNyAzZ4=","mL/Hwx0If5lzYQPMYUTOPLuA6SyB8dLJ7mhIxU2eBNk=","PO8OTC26AlbogpimmpHk1SaQBRPgqhcJO2pAZLkhD9o=","nzixP8ClEOXWlsIp7yQESJibCO/osN5X5L9geuXiYVY=","4SQdjZsaqJ4IS7S1JI0TaJv8Lbl2dS8SZb7KXBQJJBc=","3nx4ERvLNvjdBlmI828mqiZ+JjBuKczv6I1OyScktU4=","rbLSMs3p/o9Ktbf3pNCDnRihe5ue1SdwPamjTAdglt0=","ydVd7Sy+bLvsvEBY2VlgYpIsqp/eNPHEaGWnHM63qvk=","QEK1HCLN5yRlGbHiiqNEbNP/GRMp7IIxQZ63YBHSYzU="],"block_size":4096,"path":"options/javascript/options.js"},{"block_hashes":["DOyv1esSFE7lOYxrU/YwoX+s5cIoOAVqfM30cDgX9zY="],"block_size":4096,"path":"options/javascript/syntax-highlight.js"},{"block_hashes":["lDVSrz2KuGEPPkzsdfFvQFiy7erTpXxHbGDOm8MZSzY="],"block_size":4096,"path":"options/options.css"},{"block_hashes":["KUFfdbidZPIfTuDoNm68+cYIefZn5yXxe/cICXqzcos=","dCrHsh7lkGRtl1zXcgznwXX1zW+OKJ2kbZzLjfdWWN4=","pEbbMobpfbsor54XKs+IMJi9mkKTfkEzmNP/51QAaRE=","+mU90c7v8gBaJVdVfBs2n20v8RkPAMrdvW4tmhvqlSM="],"block_size":4096,"path":"options/options.html"},{"block_hashes":["lXVEZP9MqcSKsWSw0XS37SGrUGmNRFLUMmgrUrntEQI="],"block_size":4096,"path":"options/syntax-highlight.css"},{"block_hashes":["VxEodUBuNuZmILwhNOXucjevChAUedoJpWyVMQKbQp4="],"block_size":4096,"path":"options/syntax-highlight.html"},{"block_hashes":["uXTTUp/u2YlPllsBU3z+QMIFYjN0Z43FjFQZGQP5wO0="],"block_size":4096,"path":"overlay/images/feature-2x.png"},{"block_hashes":["0/0xZwmkAbc8k476O++bvp91sVLRwBGWXsTO11IbUm0="],"block_size":4096,"path":"overlay/images/feature.png"},{"block_hashes":["MtSvUNwTq7Wg6F97Qz2wrIz2GD7PTAelS2vpumR0dnE=","30VF9ZzGQj1YnBZ/Zo0DGr9Ujg68YkEIfIN3X/k0ZSs=","e4dOqEJyEC30Kw/qbKiEk/02BrvUYwGuDXWVL3VDLuc=","hXTIqvei8cQ78hr/xxFTnUT7CleU6QJgqSpxQN+762U=","3OJx9HFEcE2ZZhaUWXBq2d78M1gUa26VyXLe/9ATvCM="],"block_size":4096,"path":"overlay/images/toolbar-2x.png"},{"block_hashes":["O3lPbr27T3kC7hxpgY8Bv5Da1j+OIVROG0agfFaE8Qg=","fcKESr9+Fv1Y4e66oaCfINqm1AJcBgIFRR+UN1FOhpA="],"block_size":4096,"path":"overlay/images/toolbar.png"},{"block_hashes":["BB//EzqGOyZ47q5EugxZoo+0+yEmS+4Wggt6f+7gVhk=","UtETfEFQyY2jPe6SP4Db7miEkV0YQ9638hGAMs2EXx0=","EHp4h0b0rVUkSODjier0vA+GkEXO8WkJM3Xkf4rfyDI=","3V1Zf5rGLf9+B6Erh5Q4Gk5AxX4L2WGeyyjlZ2s8jBE=","R0IFn4CSdr5ETfq0YkrU7ttvD/cKXgllgBAOSuSiA6g=","/Iy9qyGDscXqUC72Mi6KCxhkUy3uJyrIb99M4thScWw=","DbGfWsF2jAR3qCwEjfBQEJLxfF+DDxnXncdAETBvPW4=","vg3KteN+UUu0Ia15Hou0GV3Fiv5OZXt21sMq/mgx7R4=","MnnjbOqYE2OxrpM5T95fyoqzOMPOXs5Fn72gCSVCZgs=","lUKRlbP7WHTQPYaUVU77ZWE0OMhNvbGpFLebxaH1M58=","DBJzHvEYhYwSWd+TAONLuu+fj0hqQau1X7NhepD+EdA=","o8ykmBFkv3+dvPH35Y1oI9SnDfE3asHfIn3+5KglAxo=","5WSyF0aiNlRqn0Al3tU/M655I9UBEElr/olSvlf9geE=","mE0CmTeBZdz1LEby4Sq06h6VL0Z4qlBhNP8hwaOLCps=","509VD6qDv901xbowMxu45wd6+EjtzP+r895fFhDb65s=","tl/RVI3CCG0va9e+4PZFx8LaaSLAsqp6SaRQDrhOAus=","AsL2/v2pnBYvtweYTL8ozGfIlcjElGxtSl5rShV4k/M=","QRZKIF54xzCP5W5MpOy3nZF2oTiUf2eITfcX2YUroTI=","LmykWed7AYQtcrX1sF0E0IU5xCIfaxvwmomdcbRr6kg=","gX6NqsKzCOAghqVQ50JXCmP4UzdINeLfJju4rMYURzg=","FAvrzROGf5TW7OGxMFwNzgWCyuQXD5WBPFoZI2Tt2Ww=","BRe1woXDbCoBkOihBDaLBqdI4qOODae/pXJBl+HD/Us=","9CZDsS/edxSndw8MJG2kuzlRLJ/zGMQxz8tvjiQjT3c=","MGv17AoJB9hooZK7iwQMq+ynC2pHQ3tdXsliQo1J9P0=","QYhLNf37kPDIae7XFBYyU0pTLcorzM7Equ2yEKEeWiI=","uXfuH9IK5ISJbRczcV0ZDm68r8ePoPGC0EhlU7sKVP0=","gUtyCUiZJF/HpYVM4DxybC554siUybyKyQeMJVKUJog=","Y8epGl/kAgozQAZg4oPPAa2y4dzXBskgSQTDrB6uZ/E=","t1hKLztdgvlvp0y1wboRv2d1RRRnL1RRSwUvZ/bcop0=","XiMQ+bitA+svmRItz+sBiwUGS6HgJdWIy3hywdb6Aoo=","FEgM2O1YsppTNp8mkKf3wR055zzRS6FI05AHk2ZA+Qw=","IaCaNyaOP6qUr4QqainQiKGfu0Ify7tBac3iOIhe4YE="],"block_size":4096,"path":"overlay/javascript/overlay.js"},{"block_hashes":["4LHqe5Bk9VQzB8+VkBP3sJt23tplMfidvk9Pt5D4G8o="],"block_size":4096,"path":"overlay/overlay.css"},{"block_hashes":["yIv43FSwoBRId28AEWzsk9LVc7CPavDCE2S3emx5NS0=","uOgVd06cLjnc83ziU3tESb209igdfuBwAx9bKPxWB9Q=","PDFoCNNrYCiHM201L70Um/HloR1p2TzC3Hfx9Mz7hc8=","Otm2AXuIUU3IxjyRGx5Z/mqkHejvhItmLCREen8+AaE=","m3snIVb0wr8i5NVilkNejEffcV5teOozzH/lyEczUcI="],"block_size":4096,"path":"overlay/overlay.html"},{"block_hashes":["LNr1ePBQ4Qo0JG+wBIZUPKjIRhHYELb+pH7DS8e8t9c=","S6Z19NcjfiSZKVvfFmf6tyzXHYZX1UmzIVMqVDBDQb0="],"block_size":4096,"path":"storage/storage.js"},{"block_hashes":["16p4DiCC3AZyTJtEkTxbas/f5FTPCEk3jIyMKTCsOig=","pEFUsepFeFDUPWjIreiPPzozdeK3xumTseVsksYDbhM=","KVJhM6zjsp/O0mQukPkHj/Or4mimo1loGM75QWqtmPE=","ocA8FEn5PnJjaMIqbyw4TVhXFs2Y2daDI8mBnoMISKY=","ciZg/yiUjBR1Hz4wodzQy1u1ezWPjqcjE8jQwVAq3gY=","tnD6+VplhaFGzwhLjPNlfxghX92t9P7iw1SkchKGOlQ=","rd+AIrvuEwcunzdrRYhywU2/MlLchIPpRS/X7bkLKC4=","X5vcFglc4okYCNzgIVIkyWTAMbKMth+0AOYM2f4mdXY=","scYUXnbiNG4w6fx2wQsQw9147jxslqzhx1GrcwyF0k4=","NFJiexA86QCJOi6IFXnwCxLZVTPo9uOW3/o7GIqkLZs=","aCon+n8RA4jLb3NQSV6ruRj13w62YOajjwUkk99V4Dg=","dTUe3A9nM4lvZqKiwto9Sba3020HApNfP5kALxNSRoI=","LDTNq0ZAnoJ7tHdXpotO0ek5rz1gQxvJke1TLAHLOEE=","Xx5gHhlpNunR0IdBfDYlMJXXXseuMoFX4pruvudvTzE=","LkDeIWOgDxjnkjEdPy8kxujmm4GKVB+wlmXbCW8JqUw=","NDVAWzXk0ULSTx4RMt5mw6kObjQko+1C04FOq942lf0=","EXB3Ig3lxglIfnSLiKRjzmwKiUbu/sCiEJmh2Dg3HH8=","a/SpwgF7BOfuT2px+Ei4JrFiRzxCSQP6MQeEj0fogJU=","iP590TSXj4m02DYrRhaakYO/66vFcki/O1AQiMAg1eI=","8bjPbTYIyswLcLE1bzdHGDOxTdJOZ/jYzUoyS5KtcmQ=","+F3UxOurY1ve2OnLYKL/OL8eB2JhYNM2WrWIVvq6NMw=","kwcfEhHGdHKMwX9vpYGIRzJcbixgcQDaPxWLW+7ubME=","11Zm0yAQXj92wTEhvR8MyRz4y1J227fqzP2ADQdbA04=","9H9eZexfb8+COYCPVGMr1Vflxf65eRZ8kYJqcH3SKQM=","Akwh4VJ1LGhGdVrvnEUhyzRgAGe+lYOjfpx2kQ0aOQg=","CAsdHSGEwCVaMbSAK73kgidQIULiRKhORgP9xdfYcCE=","MgyvhivUJlKi0GLTk12McSFZFAn6ZRde70LVAeVVZdM=","zW5fUbacw6U3J91Gu4R4bDKxDQznmQcGJkKJE45HJhM=","7xCgp09TXt930wr+hWY+1ScV/ijSPo/bn4wudXIOmBE=","MKLHKvRioE09ScugwlpQ7yIyUTFdniB2pUTIOjsznvs=","U7l65x8T62FHBPOSRMzYrrb6mxpdWkwenfB85kvWN3o=","LCwKyvICCHAP5ilhI0QILUQBppFdULLnX5rJ6lr/OLo=","3RyXwqq15j//TbYVyufPW+DQkiAG1pqaBFj6eP/8kvo=","jlp0f5x0pP2bdonkM9SPHEwlUPLHS6Ww1sCz8Cmw4kc=","JDUIK5IAfPo6s/Qm6Ruoz6dgtv0JBbbo20W+w3S1Maw=","6wqXOljmASKEGENJeM234kzZ+LGPKTBkmiSbbC3pr24="],"block_size":4096,"path":"toolbar/color-picker-toolbar.css"},{"block_hashes":["QSuMxWAWfAVRnFYmXciCWUfJOfdhNeK5GCllWbgpVYs="],"block_size":4096,"path":"toolbar/color-picker.css"},{"block_hashes":["sabapyV+jh3hc6z7tKhVSnJN6YLBVtpa4vZYkR5WDnM="],"block_size":4096,"path":"toolbar/element-ancestors.css"},{"block_hashes":["VZ3hnmDhnHU/yuqffPfXWPF1qpekwx/A1ofWH+/nNRU="],"block_size":4096,"path":"toolbar/element-information.css"},{"block_hashes":["aDW7IkVq9O9sA5fh8sCUDvv/R+PpU+VEerK51POYeTk="],"block_size":4096,"path":"toolbar/images/logo.png"},{"block_hashes":["md7Av+shR6lhRCaiC427LSaOxooFgrpSTseN/1yJOLM=","yB/mEtRgudEr04OYmEh+V1BEUBQ04hb1ag62jSa1grw="],"block_size":4096,"path":"toolbar/javascript/color-picker.js"},{"block_hashes":["p91I5vCWMimJkbj2888kBhyrhSv7ir2kO0eBpBwhY/g=","1YJuTVjTPGbY/qIf7Q6Bc0yUloVC2vmDvjMevwJZetk=","iBmb/6CfcunJosC/vs9P+UKDzJ6lnvDAAqSzutpdovM=","zMcZSeGP+ZiQFORVhHCatO4dHhq0u+9QlzolmbLpNQ4=","jaUhjjVtJc6IKUD6KNMu2cqfB4h6F9xf0rFtT8LDXqI="],"block_size":4096,"path":"toolbar/javascript/line-guides.js"},{"block_hashes":["hGj0xfesG69lePkI9TW+yxC1SUCifQg7GE3RvkKW+qk=","sURWA2MUb54HjJ2ImvevlklrV1wz82Uw97wi5igcZbM=","Qg/OJYh6GhKQuQLGNcyFtdZa8+cpYNsoZx/EqyBI4kw=","Kb1nTteDb29Bq0HluHwtQFkiq2O70ZrVhet/t46Oh78=","js+eFPplavarifMddXGen36bf1ljATSDA4FH+fIB/ao=","fIWojFBUhBvdJB5Rjsbr4dEvLCFBLM2hoeqZiTn1OEA="],"block_size":4096,"path":"toolbar/javascript/ruler.js"},{"block_hashes":["16p4DiCC3AZyTJtEkTxbas/f5FTPCEk3jIyMKTCsOig=","pEFUsepFeFDUPWjIreiPPzozdeK3xumTseVsksYDbhM=","KVJhM6zjsp/O0mQukPkHj/Or4mimo1loGM75QWqtmPE=","ocA8FEn5PnJjaMIqbyw4TVhXFs2Y2daDI8mBnoMISKY=","ciZg/yiUjBR1Hz4wodzQy1u1ezWPjqcjE8jQwVAq3gY=","tnD6+VplhaFGzwhLjPNlfxghX92t9P7iw1SkchKGOlQ=","rd+AIrvuEwcunzdrRYhywU2/MlLchIPpRS/X7bkLKC4=","X5vcFglc4okYCNzgIVIkyWTAMbKMth+0AOYM2f4mdXY=","scYUXnbiNG4w6fx2wQsQw9147jxslqzhx1GrcwyF0k4=","NFJiexA86QCJOi6IFXnwCxLZVTPo9uOW3/o7GIqkLZs=","aCon+n8RA4jLb3NQSV6ruRj13w62YOajjwUkk99V4Dg=","dTUe3A9nM4lvZqKiwto9Sba3020HApNfP5kALxNSRoI=","LDTNq0ZAnoJ7tHdXpotO0ek5rz1gQxvJke1TLAHLOEE=","Xx5gHhlpNunR0IdBfDYlMJXXXseuMoFX4pruvudvTzE=","LkDeIWOgDxjnkjEdPy8kxujmm4GKVB+wlmXbCW8JqUw=","NDVAWzXk0ULSTx4RMt5mw6kObjQko+1C04FOq942lf0=","EXB3Ig3lxglIfnSLiKRjzmwKiUbu/sCiEJmh2Dg3HH8=","a/SpwgF7BOfuT2px+Ei4JrFiRzxCSQP6MQeEj0fogJU=","iP590TSXj4m02DYrRhaakYO/66vFcki/O1AQiMAg1eI=","8bjPbTYIyswLcLE1bzdHGDOxTdJOZ/jYzUoyS5KtcmQ=","+F3UxOurY1ve2OnLYKL/OL8eB2JhYNM2WrWIVvq6NMw=","kwcfEhHGdHKMwX9vpYGIRzJcbixgcQDaPxWLW+7ubME=","11Zm0yAQXj92wTEhvR8MyRz4y1J227fqzP2ADQdbA04=","9H9eZexfb8+COYCPVGMr1Vflxf65eRZ8kYJqcH3SKQM=","Akwh4VJ1LGhGdVrvnEUhyzRgAGe+lYOjfpx2kQ0aOQg=","CAsdHSGEwCVaMbSAK73kgidQIULiRKhORgP9xdfYcCE=","MgyvhivUJlKi0GLTk12McSFZFAn6ZRde70LVAeVVZdM=","zW5fUbacw6U3J91Gu4R4bDKxDQznmQcGJkKJE45HJhM=","7xCgp09TXt930wr+hWY+1ScV/ijSPo/bn4wudXIOmBE=","MKLHKvRioE09ScugwlpQ7yIyUTFdniB2pUTIOjsznvs=","U7l65x8T62FHBPOSRMzYrrb6mxpdWkwenfB85kvWN3o=","LCwKyvICCHAP5ilhI0QILUQBppFdULLnX5rJ6lr/OLo=","3RyXwqq15j//TbYVyufPW+DQkiAG1pqaBFj6eP/8kvo=","jlp0f5x0pP2bdonkM9SPHEwlUPLHS6Ww1sCz8Cmw4kc=","JDUIK5IAfPo6s/Qm6Ruoz6dgtv0JBbbo20W+w3S1Maw=","d0vl5zP0F10tbP+yxJrDEFHv6ZB0aIYaGIhvTUFddvk=","1MGv9D3HKSzjkNY95xjC7vHAHd87xBi1ZtEy9z55IPk="],"block_size":4096,"path":"toolbar/line-guides-toolbar.css"},{"block_hashes":["r0sOXi7PXj38wV0TETP4Pusz6pHdi8rSHit2zcv4T7s="],"block_size":4096,"path":"toolbar/line-guides.css"},{"block_hashes":["16p4DiCC3AZyTJtEkTxbas/f5FTPCEk3jIyMKTCsOig=","pEFUsepFeFDUPWjIreiPPzozdeK3xumTseVsksYDbhM=","KVJhM6zjsp/O0mQukPkHj/Or4mimo1loGM75QWqtmPE=","ocA8FEn5PnJjaMIqbyw4TVhXFs2Y2daDI8mBnoMISKY=","ciZg/yiUjBR1Hz4wodzQy1u1ezWPjqcjE8jQwVAq3gY=","tnD6+VplhaFGzwhLjPNlfxghX92t9P7iw1SkchKGOlQ=","rd+AIrvuEwcunzdrRYhywU2/MlLchIPpRS/X7bkLKC4=","X5vcFglc4okYCNzgIVIkyWTAMbKMth+0AOYM2f4mdXY=","scYUXnbiNG4w6fx2wQsQw9147jxslqzhx1GrcwyF0k4=","NFJiexA86QCJOi6IFXnwCxLZVTPo9uOW3/o7GIqkLZs=","aCon+n8RA4jLb3NQSV6ruRj13w62YOajjwUkk99V4Dg=","dTUe3A9nM4lvZqKiwto9Sba3020HApNfP5kALxNSRoI=","LDTNq0ZAnoJ7tHdXpotO0ek5rz1gQxvJke1TLAHLOEE=","Xx5gHhlpNunR0IdBfDYlMJXXXseuMoFX4pruvudvTzE=","LkDeIWOgDxjnkjEdPy8kxujmm4GKVB+wlmXbCW8JqUw=","NDVAWzXk0ULSTx4RMt5mw6kObjQko+1C04FOq942lf0=","EXB3Ig3lxglIfnSLiKRjzmwKiUbu/sCiEJmh2Dg3HH8=","a/SpwgF7BOfuT2px+Ei4JrFiRzxCSQP6MQeEj0fogJU=","iP590TSXj4m02DYrRhaakYO/66vFcki/O1AQiMAg1eI=","8bjPbTYIyswLcLE1bzdHGDOxTdJOZ/jYzUoyS5KtcmQ=","+F3UxOurY1ve2OnLYKL/OL8eB2JhYNM2WrWIVvq6NMw=","kwcfEhHGdHKMwX9vpYGIRzJcbixgcQDaPxWLW+7ubME=","11Zm0yAQXj92wTEhvR8MyRz4y1J227fqzP2ADQdbA04=","9H9eZexfb8+COYCPVGMr1Vflxf65eRZ8kYJqcH3SKQM=","Akwh4VJ1LGhGdVrvnEUhyzRgAGe+lYOjfpx2kQ0aOQg=","CAsdHSGEwCVaMbSAK73kgidQIULiRKhORgP9xdfYcCE=","MgyvhivUJlKi0GLTk12McSFZFAn6ZRde70LVAeVVZdM=","zW5fUbacw6U3J91Gu4R4bDKxDQznmQcGJkKJE45HJhM=","7xCgp09TXt930wr+hWY+1ScV/ijSPo/bn4wudXIOmBE=","MKLHKvRioE09ScugwlpQ7yIyUTFdniB2pUTIOjsznvs=","U7l65x8T62FHBPOSRMzYrrb6mxpdWkwenfB85kvWN3o=","LCwKyvICCHAP5ilhI0QILUQBppFdULLnX5rJ6lr/OLo=","3RyXwqq15j//TbYVyufPW+DQkiAG1pqaBFj6eP/8kvo=","jlp0f5x0pP2bdonkM9SPHEwlUPLHS6Ww1sCz8Cmw4kc=","JDUIK5IAfPo6s/Qm6Ruoz6dgtv0JBbbo20W+w3S1Maw=","TW3Aek1hajs16SX5tuh2nWqP5J7XW7EoVYII4YGsxfU=","CzTrg4dqcYI+uflat/c3ngXcbvT3osDhcmFc/QEs/sk="],"block_size":4096,"path":"toolbar/ruler-toolbar.css"},{"block_hashes":["3oFMJG71EBQ8iwf02pOXTiV1z/HdPAoXei0mMUnI2rs="],"block_size":4096,"path":"toolbar/ruler.css"},{"block_hashes":["442Z8it8f+lPgjBgoDHpZeHXbOkLvz9H2PsOXqDv5yU=","UV3oZ5B+SYKUkCZmfWt7U6WfeG1QtMSS5rsHYynrfn4="],"block_size":4096,"path":"upgrade/upgrade.js"},{"block_hashes":["xSDA3Ovz8nLWn9n6l+KBIkKeDk3Av7BVucZZI7RSf6E="],"block_size":4096,"path":"validation/css.html"},{"block_hashes":["jXm1eHS7QfX3H7iiMm7F8xlYxBMtlnEhEF3Yo5lxhnk="],"block_size":4096,"path":"validation/html.html"},{"block_hashes":["yTgWQSHPYA9tm0+wNuhZ3piOizhB9fba9FeX7mB0j3c="],"block_size":4096,"path":"validation/javascript/css.js"},{"block_hashes":["Dz4AaR/iGXQz9A9A9RlNqb4ruwm+01IrI4183TBU3NM="],"block_size":4096,"path":"validation/javascript/html.js"}],"version":2}